listing_id,generated_title,brand,product_line,colour,is_accessory,confidence
8273140246,Stanley Flip Straw 20oz (0.59L),Stanley,Flip Straw,,False,low
4471528799,Stanley Rose Quartz,Stanley,,pink,False,low
4501466398,Stanley Quencher 40oz (1.18L),Stanley,Quencher,,False,low
9240534108,Stanley,Stanley,,,False,low
9035341701,Stanley Quencher 40oz (1.18L),Stanley,Quencher,,False,low
8390200281,Stanley Rose Quartz,Stanley,,pink,False,low
9522870195,Stanley Quencher,Stanley,Quencher,,False,low
8183945352,Stanley Rose Quartz,Stanley,,pink,False,low
9451404898,Stanley 40oz (1.18L),Stanley,,,False,low
7426209618,Stanley Quencher 40oz (1.18L),Stanley,Quencher,,False,low
9514285206,Stanley Quencher 40oz (1.18L),Stanley,Quencher,,False,low
8597642363,Stanley Rose Quartz,Stanley,,pink,False,low
7149326630,Stanley Quencher,Stanley,Quencher,,False,low
9370750198,Stanley Rose Quartz,Stanley,,pink,False,low
8557030831,Stanley,Stanley,,,False,low
8496471174,Stanley Quencher 40oz (1.18L),Stanley,Quencher,,False,low
8950297176,Stanley Rose Quartz,Stanley,,pink,False,low
7770621887,Stanley Rose Quartz,Stanley,,pink,False,low
9525217523,Stanley Quencher,Stanley,Quencher,,False,low
7350572457,Stanley Rose Quartz 40oz (1.18L),Stanley,,pink,False,low
9519226575,Stanley Quencher Rose Quartz,Stanley,Quencher,pink,False,low
6398456372,Stanley,Stanley,,,False,low
9493304802,Stanley Quencher 40oz (1.18L),Stanley,Quencher,,False,low
9447407015,Stanley,Stanley,,,False,low
9441267884,Stanley Rose Quartz,Stanley,,pink,False,low
6568703215,Stanley,Stanley,,,False,low
4284804283,Stanley Rose Quartz,Stanley,,pink,False,low
9523933606,Stanley,Stanley,,,False,low
6720290424,Stanley accessory — not a bottle,Stanley,,,True,low
9341854727,Stanley 40oz (1.18L),Stanley,,,False,low
9522075061,Stanley Quencher Rose Quartz 40oz (1.18L),Stanley,Quencher,pink,False,low
9348011460,Stanley,Stanley,,,False,low
9475068514,Stanley,Stanley,,,False,low
8861653036,Stanley,Stanley,,,False,low
8747376618,Stanley Rose Quartz,Stanley,,pink,False,low
7847113250,Stanley Rose Quartz,Stanley,,pink,False,low
9487937016,Stanley Quencher,Stanley,Quencher,,False,low
5813968302,Stanley,Stanley,,,False,low
7808901528,Stanley Rose Quartz,Stanley,,pink,False,low
9256870221,Stanley 40oz (1.18L),Stanley,,,False,low
8386835192,Stanley accessory — not a bottle,Stanley,Quencher,,True,low
6977988025,Stanley,Stanley,,,False,low
9466868000,Stanley Quencher Rose Quartz 40oz (1.18L),Stanley,Quencher,pink,False,low
7814029479,Stanley Quencher,Stanley,Quencher,,False,low
8367597923,Stanley,Stanley,,,False,low
7598750418,Stanley,Stanley,,,False,low
9195769615,Stanley Quencher 40oz (1.18L),Stanley,Quencher,,False,low
9467707184,Stanley,Stanley,,,False,low
7847889778,Stanley Rose Quartz,Stanley,,pink,False,low
9257792321,Stanley Quencher,Stanley,Quencher,,False,low
6057835473,Stanley,Stanley,,,False,low
9437429036,Stanley Quencher Rose Quartz,Stanley,Quencher,pink,False,low
8777299215,Stanley Rose Quartz,Stanley,,pink,False,low
9446254476,Stanley Quencher Rose Quartz 40oz (1.18L),Stanley,Quencher,pink,False,low
9218935294,Stanley Quencher,Stanley,Quencher,,False,low
6304720241,Stanley Quencher Rose Quartz,Stanley,Quencher,pink,False,low
9202468656,Stanley,Stanley,,,False,low
9499839570,Stanley Flip Straw,Stanley,Flip Straw,,False,low
9286034835,Stanley Quencher,Stanley,Quencher,,False,low
4796011350,Stanley Quencher,Stanley,Quencher,,False,low
9499884725,Stanley,Stanley,,,False,low
9392133019,Stanley Quencher Cream 40oz (1.18L),,Quencher,cream,False,low
8529623232,Stanley Quencher,Stanley,Quencher,,False,low
6843432649,Stanley Quencher,Stanley,Quencher,,False,low
8777830096,Stanley Flip Straw Rose Quartz 30oz (0.89L),Stanley,Flip Straw,pink,False,low
9007382730,Stanley,Stanley,,,False,low
9109576966,Stanley Quencher Rose Quartz 40oz (1.18L),Stanley,Quencher,pink,False,low
9500763092,Stanley,Stanley,,,False,low
9149239641,Stanley,Stanley,,,False,low
9443747333,Stanley Quencher Lavender,Stanley,Quencher,purple,False,low
9499816209,Stanley Quencher,Stanley,Quencher,,False,low
9433626496,Stanley Quencher,Stanley,Quencher,,False,low
6974454659,Stanley,Stanley,,,False,low
7659471243,Stanley Rose Quartz,Stanley,,pink,False,low
9500723912,Cranberry,,,red,False,low
9538800211,Stanley Quencher Rose Quartz 40oz (1.18L),Stanley,Quencher,pink,False,low
9526308535,Stanley Quencher Rose Quartz,Stanley,Quencher,pink,False,low
9537228035,Stanley,Stanley,,,False,low
9446923155,Stanley Quencher Rose Quartz 40oz (1.18L),Stanley,Quencher,pink,False,low
9445353260,Stanley accessory — not a bottle,Stanley,Quencher,,True,low
5807236365,Stanley Rose Quartz,Stanley,,pink,False,low
7894965808,Stanley,Stanley,,,False,low
9297734151,Stanley,Stanley,,,False,low
9292892766,Stanley,Stanley,,,False,low
9484485225,Stanley,Stanley,,,False,low
9422679247,Stanley,Stanley,,,False,low
6157571028,Stanley,Stanley,,,False,low
8590640558,Stanley Rose Quartz,Stanley,,pink,False,low
5661646944,Stanley Rose Quartz,Stanley,,pink,False,low
9414542146,Stanley IceFlow,Stanley,IceFlow,,False,low
9532965174,Stanley Quencher 40oz (1.18L),Stanley,Quencher,,False,low
7377263311,Stanley Quencher 40oz (1.18L),,Quencher,,False,low
9323235245,Stanley,Stanley,,,False,low
8743379559,Stanley 20oz (0.59L),Stanley,,,False,low
8398887051,Stanley Quencher Rose Quartz,Stanley,Quencher,pink,False,low
9476055378,Stanley Rose Quartz,Stanley,,pink,False,low
8045973570,Stanley Quencher 40oz (1.18L),Stanley,Quencher,,False,low
6604352329,Stanley Quencher,Stanley,Quencher,,False,low
5054243023,Stanley,Stanley,,,False,low
8377116762,Stanley,Stanley,,,False,low
9284119951,Stanley Quencher Rose Quartz 40oz (1.18L),Stanley,Quencher,pink,False,low
6585659750,Stanley Quencher Rose Quartz,Stanley,Quencher,pink,False,low
9472359605,Stanley 30oz (0.89L),Stanley,,,False,low
8638153024,Stanley,Stanley,,,False,low
8197164419,Stanley,Stanley,,,False,low
7185718401,Stanley Rose Quartz,Stanley,,pink,False,low
8942243787,Stanley Quencher,Stanley,Quencher,,False,low
9261101522,Stanley Rose Quartz,Stanley,,pink,False,low
7944064085,Stanley accessory — not a bottle,Stanley,,,True,low
9111721665,Stanley Rose Quartz,Stanley,,pink,False,low
9525796576,Stanley Quencher 40oz (1.18L),Stanley,Quencher,,False,low
9513077141,Stanley Quencher,Stanley,Quencher,,False,low
9130543260,Stanley Quencher Rose Quartz,Stanley,Quencher,pink,False,low
6432503504,Stanley,Stanley,,,False,low
5025481847,,,,,False,low
5790373174,Stanley,Stanley,,,False,low
6641121514,Stanley,Stanley,,,False,low
9507542821,Stanley Quencher 40oz (1.18L),Stanley,Quencher,,False,low
7270375614,Stanley Quencher,Stanley,Quencher,,False,low
4709480789,Stanley Rose Quartz,Stanley,,pink,False,low
9293873384,Stanley Quencher 30oz (0.89L),Stanley,Quencher,,False,low
8661760615,Stanley Rose Quartz,Stanley,,pink,False,low
8089980549,Stanley,Stanley,,,False,low
6425606961,Stanley,Stanley,,,False,low
4313082854,Stanley Rose Quartz,Stanley,,pink,False,low
9454899434,Stanley,Stanley,,,False,low
9413853895,Stanley,Stanley,,,False,low
9320834948,Stanley Rose Quartz,Stanley,,pink,False,low
9452776188,Stanley Quencher 40oz (1.18L),Stanley,Quencher,,False,low
8740045982,Stanley Rose Quartz,Stanley,,pink,False,low
9388035029,Stanley Quencher 40oz (1.18L),Stanley,Quencher,,False,low
9095751993,Stanley Quencher,Stanley,Quencher,,False,low
9519185717,Stanley,Stanley,,,False,low
9415548899,Stanley,Stanley,,,False,low
7504925007,Stanley 40oz (1.18L),Stanley,,,False,low
9453615121,Stanley Quencher,Stanley,Quencher,,False,low
9469842744,Stanley,Stanley,,,False,low
9122517227,Stanley,Stanley,,,False,low
8514120481,Stanley,Stanley,,,False,low
9512133349,Stanley,Stanley,,,False,low
9432812035,Stanley,Stanley,,,False,low
8784283635,Stanley,Stanley,,,False,low
5412214949,Stanley accessory — not a bottle,Stanley,,pink,True,low
9327546096,Stanley,Stanley,,,False,low
9146936316,Stanley Quencher Cream 40oz (1.18L),Stanley,Quencher,cream,False,low
9527939155,Stanley Quencher Rose Quartz 40oz (1.18L),Stanley,Quencher,pink,False,low
8150876481,Stanley accessory — not a bottle,Stanley,Quencher,pink,True,low
9481453866,Stanley,Stanley,,,False,low
9386602771,Stanley,Stanley,,,False,low
9114004950,Stanley Pool,Stanley,,blue,False,low
9463110452,Stanley Quencher,Stanley,Quencher,,False,low
9413300032,Stanley Quencher Rose Quartz 40oz (1.18L),Stanley,Quencher,pink,False,low
8134290955,Stanley,Stanley,,,False,low
8842840876,Stanley,Stanley,,,False,low
8945746458,Stanley Rose Quartz,Stanley,,pink,False,low
9388997258,Stanley Rose Quartz,Stanley,,pink,False,low
9497283152,Stanley Quencher,Stanley,Quencher,,False,low
9350218070,Stanley Quencher Rose Quartz 40oz (1.18L),Stanley,Quencher,pink,False,low
8839843482,Stanley accessory — not a bottle,Stanley,Quencher,pink,True,low
9265399134,Stanley,Stanley,,,False,low
9064046030,Stanley 0.8l,Stanley,,,False,low
8118456954,Stanley,Stanley,,,False,low
9532790335,Rose Quartz,,,pink,False,low
6259760755,Stanley Quencher,Stanley,Quencher,,False,low
9520790264,Stanley,Stanley,,,False,low
9487626083,14.0l,,,,False,low
9469750535,,,,,False,low
7950284603,Stanley Rose Quartz,Stanley,,pink,False,low
9429716319,Stanley,Stanley,,,False,low
9456031503,Stanley Lavender 40oz (1.18L),Stanley,,purple,False,low
9372412335,Stanley accessory — not a bottle,Stanley,Quencher,pink,True,low
9161190233,Stanley Quencher,Stanley,Quencher,,False,low
8737335303,Stanley Quencher,Stanley,Quencher,,False,low
9499010994,Stanley Rose Quartz 40oz (1.18L),Stanley,,pink,False,low
9486402730,Stanley,Stanley,,,False,low
8281446471,Stanley Rose Quartz,Stanley,,pink,False,low
7103006954,Stanley,Stanley,,,False,low
6230062138,,,,,False,low
9427162975,Stanley Quencher Rose Quartz 40oz (1.18L),Stanley,Quencher,pink,False,low
8822346386,Stanley Quencher,Stanley,Quencher,,False,low
4116755362,Stanley Quencher 40oz (1.18L),Stanley,Quencher,,False,low
5899053696,Stanley,Stanley,,,False,low
4072092535,Stanley,Stanley,,,False,low
9448464298,Stanley Flip Straw Rose Quartz,Stanley,Flip Straw,pink,False,low
9317962856,Stanley Quencher 40oz (1.18L),Stanley,Quencher,,False,low
8849195574,Stanley Quencher,Stanley,Quencher,,False,low
8806479597,Stanley Quencher,Stanley,Quencher,,False,low
7944657483,Stanley Quencher 40oz (1.18L),Stanley,Quencher,,False,low
9487042875,Stanley,Stanley,,,False,low
8793376896,Stanley,Stanley,,,False,low
7548952502,,,,,False,low
8595053212,Stanley Rose Quartz,Stanley,,pink,False,low
7139701796,Stanley,Stanley,,,False,low
7061910828,Stanley,Stanley,,,False,low
8689579353,Stanley Flip Straw Rose Quartz,Stanley,Flip Straw,pink,False,low
9413103485,Stanley Quencher 40oz (1.18L),Stanley,Quencher,,False,low
9107521162,Stanley Quencher Rose Quartz 40oz (1.18L),Stanley,Quencher,pink,False,low
9525622670,Stanley Rose Quartz 40oz (1.18L),Stanley,,pink,False,low
6862465570,Stanley,Stanley,,,False,low
7661688132,Stanley,Stanley,,,False,low
