keyword,title,price,likes,views,brand,country,url,status,offers,published_at,age_hours,score,verdict
Crocs femme,Crocs Sandal,35.0,1,0,Crocs,,https://www.vinted.fr/items/8874573550,active,0,2026-05-09 17:03:10 CEST,24.0,0,⚠️ Low
Crocs femme,Crocs pailletées noir/argent holographique – jamais portées taille 39/40,30.0,70,0,Crocs,,https://www.vinted.fr/items/8872626459,active,8,2026-05-10 14:03:11 CEST,3.0,20,🔥🔥🔥 Very Strong Demand
Crocs femme,Lot de 10 pins pour crocs,20.0,54,0,Crocs,,https://www.vinted.fr/items/8860834636,active,3,2026-05-09 17:03:11 CEST,24.0,13,🔥🔥 Strong Demand
Crocs femme,Paire de Crocs bleu ciel T.38/39,20.0,29,0,Crocs,,https://www.vinted.fr/items/8874095504,active,0,2026-05-09 17:03:21 CEST,24.0,3,➖ Moderate
Crocs femme,sabot mule crocs bleu 38-39,28.0,25,0,Crocs,,https://www.vinted.fr/items/8873633039,active,0,2026-05-10 15:03:21 CEST,2.0,20,🔥🔥🔥 Very Strong Demand
Crocs femme,Sandalias Crocs plataforma,34.0,47,0,Crocs,,https://www.vinted.fr/items/6770911867,active,0,2025-08-13 17:03:22 CEST,6480.0,0,⚠️ Low
Crocs femme,Tongs Crocs,10.0,3,0,Crocs,,https://www.vinted.fr/items/8875179340,active,0,2022-09-28 17:03:31 CEST,31680.0,0,⚠️ Low
Crocs femme,Crocs,30.0,154,0,Crocs,,https://www.vinted.fr/items/8860166901,active,20,2026-05-09 17:03:33 CEST,24.0,20,🔥🔥🔥 Very Strong Demand
Crocs femme,Sabot crocs gris foncé - taille 39/40,34.0,88,0,Crocs,,https://www.vinted.fr/items/8830277494,active,17,2026-05-07 17:03:36 CEST,72.0,20,🔥🔥🔥 Very Strong Demand
Crocs femme,Platform Crocs,25.0,55,0,Crocs,,https://www.vinted.fr/items/8856991100,active,15,2026-05-08 17:03:43 CEST,48.0,20,🔥🔥🔥 Very Strong Demand
Crocs femme,Crocs Unisex Pantoffeln Badelatschen,8.0,3,0,Crocs,,https://www.vinted.fr/items/8875485800,active,0,2024-06-19 17:03:44 CEST,16560.0,0,⚠️ Low
Crocs femme,"Cosci comodi, di alta qualità e leggeri",37.0,118,0,Crocs,,https://www.vinted.fr/items/8789519263,active,8,2026-05-09 17:03:49 CEST,24.0,20,🔥🔥🔥 Very Strong Demand
Crocs femme,Mules Crocs 37/37 dorées neuves,15.0,1,0,Crocs,,https://www.vinted.fr/items/8875675643,sold,0,2025-07-14 17:03:55 CEST,7200.0,0,⚠️ Low
Crocs femme,Crocs weiß Gr.38,40.0,99,0,Crocs,,https://www.vinted.fr/items/8799596191,active,0,2026-05-09 17:03:58 CEST,24.0,10,🔥 Trending
Crocs femme,Crocs ballerinas,23.0,109,0,Crocs,,https://www.vinted.fr/items/8842328733,active,0,2026-05-07 17:04:02 CEST,72.0,4,➖ Moderate
Crocs femme,Crocs flash Mcqueen,11.0,47,0,Crocs,,https://www.vinted.fr/items/8873964731,active,0,,24.0,5,📈 Growing
Crocs femme,Crocs rose pâle t39 7m9w,30.0,2,0,Crocs,,https://www.vinted.fr/items/8875564288,active,0,2024-10-17 17:04:13 CEST,13680.0,0,⚠️ Low
Crocs femme,Crocs,10.0,1,0,Crocs,,https://www.vinted.fr/items/8875728022,active,0,2025-09-12 17:04:17 CEST,5760.0,0,⚠️ Low
Crocs femme,Chaussures Crocs édition limitée T 40/41,45.0,104,0,Crocs,,https://www.vinted.fr/items/8830049450,active,3,2026-05-05 17:04:20 CEST,120.0,8,🔥 Trending
Crocs femme,Charms Pins Crocs Smiley neufs étiquetés,8.0,0,0,Crocs,,https://www.vinted.fr/items/8874886259,active,0,2026-05-09 17:04:27 CEST,24.0,0,⚠️ Low
Crocs femme,Crocs crush clog,40.0,155,0,Crocs,,https://www.vinted.fr/items/8575122600,active,8,2026-04-12 17:04:28 CEST,672.0,10,🔥 Trending
Crocs femme,baby pink crocs,30.0,23,0,Crocs,,https://www.vinted.fr/items/8872363879,active,0,2026-05-10 13:04:33 CEST,4.0,14,🔥🔥 Strong Demand
Crocs femme,Crocs noir,11.0,70,0,Crocs,,https://www.vinted.fr/items/8873418258,active,11,2026-05-10 15:04:41 CEST,2.0,20,🔥🔥🔥 Very Strong Demand
Crocs femme,Crocs neuves,20.0,0,0,Crocs,,https://www.vinted.fr/items/8875350410,active,0,2023-08-24 17:04:45 CEST,23760.0,0,⚠️ Low
Crocs femme,Rare Isabella Crocs sUPERcomfy!,27.0,11,0,Crocs,,https://www.vinted.fr/items/8863100878,active,0,2026-05-09 17:04:47 CEST,24.0,1,⚠️ Low
Crocs femme,Crocs neuves avec son sac,40.0,78,0,Crocs,,https://www.vinted.fr/items/7371955146,active,7,2025-11-11 17:04:53 CET,4320.0,10,🔥 Trending
Crocs femme,Crocs,35.0,11,0,Crocs,,https://www.vinted.fr/items/8865127975,active,0,2026-05-09 17:04:57 CEST,24.0,1,⚠️ Low
Crocs femme,Crocs bleu,29.0,14,0,Crocs,,https://www.vinted.fr/items/8863284003,active,0,2026-05-09 17:04:58 CEST,24.0,1,⚠️ Low
Crocs femme,Sandales crocs,20.0,0,0,Crocs,,https://www.vinted.fr/items/8875784423,active,0,2025-12-11 17:05:04 CET,3600.0,0,⚠️ Low
Crocs femme,"Infradito con paillettes molto comode, eleganti e di alta qualità",57.0,62,0,Crocs,,https://www.vinted.fr/items/8715984320,active,0,2026-04-26 17:05:10 CEST,336.0,0,⚠️ Low
Crocs femme,Crocs baya,30.0,4,0,Crocs,,https://www.vinted.fr/items/8874974701,active,0,2026-05-09 17:05:12 CEST,24.0,0,⚠️ Low
Crocs femme,Platform white crocs size 7,20.0,3,0,Crocs,,https://www.vinted.fr/items/8875589840,active,0,2024-11-16 17:05:15 CET,12960.0,0,⚠️ Low
Crocs femme,🪼🌸dreamy y2k Crocs Mega Crush Platform Clog,25.0,29,0,Crocs,,https://www.vinted.fr/items/8861099559,active,0,2026-05-09 17:05:25 CEST,24.0,3,➖ Moderate
Crocs femme,"Cosci comodi, di alta qualità e leggeri",49.0,74,0,Crocs,,https://www.vinted.fr/items/8789529027,active,0,2026-05-09 17:05:29 CEST,24.0,7,📈 Growing
Crocs femme,Sac crocs avec les pince,6.0,3,0,Crocs,,https://www.vinted.fr/items/8872996926,active,0,2026-05-10 14:05:32 CEST,3.0,2,➖ Moderate
Crocs femme,Crocs classic Clogs Bone white Maat 38/39 EU - Nieuw met kaartjes,25.0,1,0,Crocs,,https://www.vinted.fr/items/8875491332,active,0,2024-04-20 17:05:37 CEST,18000.0,0,⚠️ Low
Crocs femme,Crocs,7.0,6,0,Crocs,,https://www.vinted.fr/items/8875202442,sold,0,2022-09-28 17:05:39 CEST,31680.0,0,⚠️ Low
Crocs femme,Crocs haute et noire.,25.0,0,0,Crocs,,https://www.vinted.fr/items/8875527527,active,0,2024-06-19 17:05:43 CEST,16560.0,0,⚠️ Low
Crocs femme,Crocs blanches Bayaband,45.0,30,0,Crocs,,https://www.vinted.fr/items/8816445949,active,0,2026-05-04 17:05:49 CEST,144.0,0,⚠️ Low
Crocs femme,Crocs negras plataforma 37,45.0,15,0,Crocs,,https://www.vinted.fr/items/8874871232,active,0,2026-05-09 17:05:53 CEST,24.0,2,➖ Moderate
Crocs femme,Crocs,20.0,4,0,Crocs,,https://www.vinted.fr/items/8872840313,active,3,2026-05-10 14:05:53 CEST,3.0,19,🔥🔥🔥 Very Strong Demand
Crocs femme,Crocs Classic noir Homme/femme,30.0,16,0,Crocs,,https://www.vinted.fr/items/8873060708,active,0,2026-05-10 14:05:59 CEST,3.0,13,🔥🔥 Strong Demand
Crocs femme,Crocs rose fushia 37/38,25.0,48,0,Crocs,,https://www.vinted.fr/items/8869373161,active,8,2026-05-10 00:06:06 CEST,17.0,20,🔥🔥🔥 Very Strong Demand
Crocs femme,crocs bleu ciel,25.0,9,0,Crocs,,https://www.vinted.fr/items/8872130954,active,4,2026-05-10 13:06:07 CEST,4.0,20,🔥🔥🔥 Very Strong Demand
Crocs femme,Crocs noires neuve,30.0,7,0,Crocs,,https://www.vinted.fr/items/8872808582,active,3,2026-05-10 14:06:13 CEST,3.0,20,🔥🔥🔥 Very Strong Demand
Crocs femme,Crocs size 41,30.0,36,0,Crocs x Beams,,https://www.vinted.fr/items/8772316824,active,0,2026-05-09 17:06:17 CEST,24.0,4,➖ Moderate
Crocs femme,crocs taille 40,20.0,34,0,Crocs,,https://www.vinted.fr/items/8862954591,active,0,2026-05-09 17:06:19 CEST,24.0,3,➖ Moderate
Crocs femme,Crocs baya clog k beige,40.0,3,0,Crocs,,https://www.vinted.fr/items/8875033298,active,0,2026-05-09 17:06:27 CEST,24.0,0,⚠️ Low
Crocs femme,Crocs platform,25.0,48,0,Crocs,,https://www.vinted.fr/items/8820566289,active,0,2026-05-04 17:06:30 CEST,144.0,1,⚠️ Low
Crocs femme,Crocs Classic clogs Zwart nieuw 36/37,25.0,2,0,Crocs,,https://www.vinted.fr/items/8875500579,active,0,2024-04-20 17:06:31 CEST,18000.0,0,⚠️ Low
Crocs femme,Crocs Cars Saetta McQueen adulte rouge – édition spéciale 37-38,32.88,0,0,Crocs,,https://www.vinted.fr/items/8874981828,active,0,2024-08-18 17:06:37 CEST,15120.0,0,⚠️ Low
Crocs femme,Crocs sandals W10 size40,38.0,41,0,Crocs,,https://www.vinted.fr/items/8832250650,active,0,2026-05-05 17:06:43 CEST,120.0,1,⚠️ Low
Crocs femme,Crocs compensé,15.0,8,0,Crocs,,https://www.vinted.fr/items/8874352252,active,0,2026-05-09 17:06:45 CEST,24.0,1,⚠️ Low
Crocs femme,Stylishe Crocs mit Plateau,13.0,0,0,Crocs,,https://www.vinted.fr/items/8875766780,active,0,2025-09-12 17:06:47 CEST,5760.0,0,⚠️ Low
Crocs femme,Crocs37/38,9.0,4,0,Crocs,,https://www.vinted.fr/items/8873975797,active,0,2026-05-10 15:06:54 CEST,2.0,5,📈 Growing
Crocs femme,Hello kitty crocs,17.0,9,0,Crocs,,https://www.vinted.fr/items/8873706586,active,0,2026-05-10 15:06:56 CEST,2.0,11,🔥 Trending
Crocs femme,Paire de Crocs blanche T.38/39,20.0,47,0,Crocs,,https://www.vinted.fr/items/8874130122,active,4,2026-05-10 15:07:00 CEST,2.0,20,🔥🔥🔥 Very Strong Demand
Crocs femme,Sabot Crocs,23.0,9,0,Crocs,,https://www.vinted.fr/items/8872244633,active,0,2026-05-10 13:07:07 CEST,4.0,5,📈 Growing
Crocs femme,Getaway platform flip - crocs,30.0,25,0,Crocs,,https://www.vinted.fr/items/8873905879,active,4,2026-05-10 15:07:09 CEST,2.0,20,🔥🔥🔥 Very Strong Demand
Crocs femme,Ballerine crocs 36,10.0,0,0,Crocs,,https://www.vinted.fr/items/8875261438,active,0,,24.0,0,⚠️ Low
Crocs femme,💙 Crocs bleues – taille 41/42 (9–11),35.0,19,0,Crocs,,https://www.vinted.fr/items/8817539051,active,0,2026-05-04 17:07:18 CEST,144.0,0,⚠️ Low
Crocs femme,Crocs pantoffels,27.0,25,0,Crocs,,https://www.vinted.fr/items/8647362593,active,0,2026-04-19 17:07:21 CEST,504.0,0,⚠️ Low
Crocs femme,Pins Crocs Chic,1.3,2,0,Crocs,,https://www.vinted.fr/items/8873171777,active,0,2026-05-10 14:07:24 CEST,3.0,2,➖ Moderate
Crocs femme,Crocs Rainbow Clogs 🌈,8.0,1,0,Crocs,,https://www.vinted.fr/items/8875401112,active,0,2024-01-21 17:07:31 CET,20160.0,0,⚠️ Low
Crocs femme,"Infradito eleganti, di alta qualità e leggere",55.0,54,0,Crocs,,https://www.vinted.fr/items/8716072619,active,0,2026-04-26 17:07:35 CEST,336.0,0,⚠️ Low
Crocs femme,sabot mule crocs lila 39-40,29.0,22,0,Crocs,,https://www.vinted.fr/items/8872634188,active,3,2026-05-10 14:07:36 CEST,3.0,20,🔥🔥🔥 Very Strong Demand
Crocs femme,"Crocs Schuhe, Größe 45/46",25.0,0,0,Crocs,,https://www.vinted.fr/items/8875421020,active,0,2023-09-23 17:07:44 CEST,23040.0,0,⚠️ Low
Crocs femme,Crocs zwart NIEUW,29.5,46,0,Crocs,,https://www.vinted.fr/items/8873510248,active,9,2026-05-10 15:07:46 CEST,2.0,20,🔥🔥🔥 Very Strong Demand
Crocs femme,Zuecos,20.0,0,0,Crocs,,https://www.vinted.fr/items/8875570008,active,0,2024-07-19 17:07:48 CEST,15840.0,0,⚠️ Low
Crocs femme,Blaue Crocs,20.0,4,0,Crocs,,https://www.vinted.fr/items/8873406332,active,0,2024-01-21 17:07:53 CET,20160.0,0,⚠️ Low
Crocs femme,Crocs sandals,10.0,12,0,Crocs,,https://www.vinted.fr/items/8873274049,active,0,2026-05-10 14:07:57 CEST,3.0,10,🔥 Trending
Crocs femme,Paire de Crocs rose T.38/39,20.0,10,0,Crocs,,https://www.vinted.fr/items/8874160819,active,0,2026-05-09 17:07:59 CEST,24.0,1,⚠️ Low
Crocs femme,Silver glitter fur lined crocs,20.0,1,0,Crocs,,https://www.vinted.fr/items/8875386460,active,0,2023-07-25 17:08:07 CEST,24480.0,0,⚠️ Low
Crocs femme,Crocs classics beige / écru – Taille 41,34.0,12,0,Crocs,,https://www.vinted.fr/items/8871332566,active,0,2026-05-10 12:08:09 CEST,5.0,6,📈 Growing
Crocs femme,Roze aardbeien crocs,11.0,31,0,Crocs,,https://www.vinted.fr/items/8873728963,active,0,2026-05-10 15:08:14 CEST,2.0,20,🔥🔥🔥 Very Strong Demand
Crocs femme,Crocs,10.0,2,0,Crocs,,https://www.vinted.fr/items/8872738886,active,0,2026-05-10 14:08:21 CEST,3.0,2,➖ Moderate
Crocs femme,Crocs 42-43 léopard neuve,35.0,80,0,Crocs,,https://www.vinted.fr/items/8868910591,active,6,2026-05-09 22:08:24 CEST,19.0,20,🔥🔥🔥 Very Strong Demand
Crocs femme,crocs bayaband blanche 38-39,32.0,1,0,Crocs,,https://www.vinted.fr/items/8874929264,active,0,2026-05-09 17:08:26 CEST,24.0,0,⚠️ Low
Crocs femme,Green crocs,15.0,10,0,Crocs,,https://www.vinted.fr/items/8875067334,active,0,2026-05-09 17:08:36 CEST,24.0,1,⚠️ Low
Crocs femme,Crocs unisexe rouge,20.0,7,0,Crocs,,https://www.vinted.fr/items/8872003664,active,0,2026-05-10 13:08:37 CEST,4.0,4,➖ Moderate
Crocs femme,Sac Crocs,25.0,45,0,Crocs,,https://www.vinted.fr/items/8873941117,active,4,2026-05-10 15:08:37 CEST,2.0,20,🔥🔥🔥 Very Strong Demand
Crocs femme,Crocs noir,30.0,103,0,Crocs,,https://www.vinted.fr/items/8859577250,sold,0,2026-05-09 17:08:46 CEST,24.0,15,🔥🔥 Strong Demand
Crocs femme,Crocs Platform,30.0,50,0,Crocs,,https://www.vinted.fr/items/8872537613,active,5,2026-05-10 13:08:48 CEST,4.0,20,🔥🔥🔥 Very Strong Demand
Crocs femme,Crocs noir,35.0,55,0,Crocs,,https://www.vinted.fr/items/8869347257,active,14,2026-05-10 00:08:49 CEST,17.0,20,🔥🔥🔥 Very Strong Demand
Crocs femme,Crocs echo clog noires 36-37,43.0,1,0,Crocs,,https://www.vinted.fr/items/8875173084,active,0,2026-05-09 17:08:58 CEST,24.0,0,⚠️ Low
Crocs femme,Crocs 41/42 rose,15.0,0,0,Crocs,,https://www.vinted.fr/items/8875453692,active,0,2023-10-23 17:08:59 CEST,22320.0,0,⚠️ Low
Crocs femme,Crocs,40.0,0,0,Crocs,,https://www.vinted.fr/items/8875371703,active,0,2023-05-26 17:08:59 CEST,25920.0,0,⚠️ Low
Crocs femme,Crocs pastel neuf 39,30.0,17,0,Crocs,,https://www.vinted.fr/items/8869428163,active,3,2026-05-10 00:09:08 CEST,17.0,10,🔥 Trending
Crocs femme,Crocs,20.0,25,0,Crocs,,https://www.vinted.fr/items/8869572423,active,0,2026-05-10 01:09:10 CEST,16.0,4,➖ Moderate
Crocs femme,Crocs Classic (38/39),45.0,11,0,Crocs,,https://www.vinted.fr/items/8839561310,active,0,2026-05-06 17:09:12 CEST,96.0,0,⚠️ Low
Crocs femme,Crocs bleu marine taille 36,23.99,7,0,Crocs,,https://www.vinted.fr/items/8872814790,active,0,,24.0,1,⚠️ Low
Crocs femme,Sabot Crocs Taille 38/39,32.0,0,0,Crocs,,https://www.vinted.fr/items/8875621762,active,0,2024-09-17 17:09:21 CEST,14400.0,0,⚠️ Low
Crocs femme,Crocs Sandale G41-42,18.0,3,0,Crocs,,https://www.vinted.fr/items/8875014183,active,0,2026-05-09 17:09:23 CEST,24.0,0,⚠️ Low
Crocs femme,Crocs,25.0,39,0,Crocs,,https://www.vinted.fr/items/8874115008,active,11,2026-05-10 15:09:32 CEST,2.0,20,🔥🔥🔥 Very Strong Demand
Crocs femme,Crocs Classic neuves,27.0,18,0,Crocs,,https://www.vinted.fr/items/8870794160,active,0,2026-05-10 11:09:32 CEST,6.0,7,📈 Growing
Crocs femme,Crocs,5.0,2,0,,,https://www.vinted.fr/items/8874538120,active,0,2026-05-09 17:09:32 CEST,24.0,0,⚠️ Low
Crocs femme,Sac Crocs,25.0,45,0,Crocs,,https://www.vinted.fr/items/8873941117,active,4,2026-05-10 15:09:43 CEST,2.0,20,🔥🔥🔥 Very Strong Demand
Crocs femme,🌸🩵Ultraleichte Sandalen Gr.38 Türkis Rosa,19.0,8,0,Crocs,,https://www.vinted.fr/items/8871190756,active,0,2026-05-10 12:09:45 CEST,5.0,4,➖ Moderate
Crocs femme,Crocs bleu marine taille 36,23.99,7,0,Crocs,,https://www.vinted.fr/items/8872814790,active,3,2026-05-10 14:09:46 CEST,3.0,20,🔥🔥🔥 Very Strong Demand
Crocs femme,Crocs,13.0,43,0,Crocs,,https://www.vinted.fr/items/8873540600,active,0,2026-05-10 15:09:53 CEST,2.0,20,🔥🔥🔥 Very Strong Demand
Crocs femme,Crocs 38-39,29.9,34,0,Crocs,,https://www.vinted.fr/items/8874349164,active,10,2026-05-09 17:09:56 CEST,24.0,20,🔥🔥🔥 Very Strong Demand
Crocs femme,Crocs bleue,20.0,14,0,Crocs,,https://www.vinted.fr/items/8871069251,active,3,2026-05-10 11:09:57 CEST,6.0,16,🔥🔥🔥 Very Strong Demand
Crocs femme,Crocs noir,30.0,103,0,Crocs,,https://www.vinted.fr/items/8859577250,sold,0,2026-05-09 17:10:03 CEST,24.0,15,🔥🔥 Strong Demand
Crocs femme,Crocs Charms - Animal Crossing,12.0,0,0,Crocs,,https://www.vinted.fr/items/8875754960,active,0,2025-05-15 17:10:05 CEST,8640.0,0,⚠️ Low
Crocs femme,Pin’s pour crocs,5.0,16,0,Crocs,,https://www.vinted.fr/items/8850117281,active,0,2026-05-08 17:10:08 CEST,48.0,1,⚠️ Low
Crocs femme,Roze aardbeien crocs,11.0,31,0,Crocs,,https://www.vinted.fr/items/8873728963,active,0,2026-05-10 15:10:14 CEST,2.0,20,🔥🔥🔥 Very Strong Demand
Crocs femme,Pins crocs,8.0,92,0,Crocs,,https://www.vinted.fr/items/8849839663,active,0,,24.0,9,🔥 Trending
Crocs femme,Sandalen Crocs,50.0,43,0,Crocs,,https://www.vinted.fr/items/8839224022,active,0,,24.0,4,➖ Moderate
Crocs femme,Sabots Crocs orange 37-38 neuves (prix fixe),29.0,28,0,Crocs,,https://www.vinted.fr/items/8863869152,active,0,2026-05-09 17:10:25 CEST,24.0,3,➖ Moderate
Crocs femme,Crocs haute taille 40 rose fuchsia,20.0,6,0,Crocs,,https://www.vinted.fr/items/8871328436,active,0,2026-05-10 12:10:29 CEST,5.0,3,➖ Moderate
Crocs femme,Crocs avec pins,40.0,18,0,Crocs,,https://www.vinted.fr/items/8873847076,active,0,2026-05-10 15:10:30 CEST,2.0,20,🔥🔥🔥 Very Strong Demand
Crocs femme,Crocs Classic Clog Beige Stucco - Totalmente Nuevas,40.0,0,0,Crocs,,https://www.vinted.fr/items/8875324207,active,0,2023-01-26 17:10:37 CET,28800.0,0,⚠️ Low
Crocs femme,Crocs,25.0,18,0,Crocs,,https://www.vinted.fr/items/8874802938,sold,0,2026-05-09 17:10:44 CEST,24.0,3,➖ Moderate
Crocs femme,Crocband Crocs size 37/38,20.0,7,0,Crocs,,https://www.vinted.fr/items/8872433196,active,0,2026-05-10 13:10:46 CEST,4.0,4,➖ Moderate
Crocs femme,Strandschuhe,28.0,0,0,Crocs,,https://www.vinted.fr/items/8875731795,active,0,2025-03-16 17:10:49 CET,10080.0,0,⚠️ Low
Crocs femme,Getaway platform flip - crocs,30.0,25,0,Crocs,,https://www.vinted.fr/items/8873905879,active,4,2026-05-10 15:10:55 CEST,2.0,20,🔥🔥🔥 Very Strong Demand
Crocs femme,Pinke Brooklyn Low Wedge Sandalen Gr.37-38,24.9,3,0,Crocs,,https://www.vinted.fr/items/8873859142,active,0,2026-05-10 15:10:58 CEST,2.0,4,➖ Moderate
Crocs femme,Crocs fourrées,20.0,11,0,Crocs,,https://www.vinted.fr/items/8868460938,active,0,2026-05-09 21:11:00 CEST,20.0,1,⚠️ Low
Crocs femme,Crocs rose,25.0,97,0,Crocs,,https://www.vinted.fr/items/8836700103,active,4,2026-05-06 17:11:06 CEST,96.0,9,🔥 Trending
Crocs femme,Crocs 35,15.0,15,0,Crocs,,https://www.vinted.fr/items/8867778100,active,0,2026-05-09 20:11:08 CEST,21.0,2,➖ Moderate
Crocs femme,Crocs taille 11 (45),18.0,16,0,Crocs,,https://www.vinted.fr/items/8789407532,active,3,2026-05-09 17:11:13 CEST,24.0,9,🔥 Trending
Crocs femme,Crocs schwarz,5.0,12,0,Crocs,,https://www.vinted.fr/items/8872218873,active,0,2026-05-10 13:11:19 CEST,4.0,7,📈 Growing
Crocs femme,Crocs plateforme,30.0,62,0,Crocs,,https://www.vinted.fr/items/8863814068,active,10,2026-05-09 17:11:24 CEST,24.0,20,🔥🔥🔥 Very Strong Demand
Crocs femme,Crocs,20.0,10,0,Crocs,,https://www.vinted.fr/items/8858146888,active,3,2026-05-09 17:11:25 CEST,24.0,8,🔥 Trending
Crocs femme,Crocs,15.0,33,0,Crocs,,https://www.vinted.fr/items/8862504997,active,0,2026-05-09 17:11:30 CEST,24.0,3,➖ Moderate
Crocs femme,Crocs color blossom,30.0,30,0,Crocs,,https://www.vinted.fr/items/8873141464,active,0,2026-05-10 14:11:35 CEST,3.0,20,🔥🔥🔥 Very Strong Demand
Crocs femme,CROCS Classic Kaki,23.0,4,0,Crocs,,https://www.vinted.fr/items/8871531293,active,0,2026-05-10 12:11:39 CEST,5.0,2,➖ Moderate
Crocs femme,Crocs Women's Blue Flipflops,23.0,1,0,Crocs,,https://www.vinted.fr/items/8874871266,active,0,2026-05-09 17:11:42 CEST,24.0,0,⚠️ Low
Crocs femme,Crocs Classic Clog noirs – Pointure 38/39 – Neufs – Unisex,29.9,2,0,Crocs,,https://www.vinted.fr/items/8875583153,active,0,2024-04-20 17:11:48 CEST,18000.0,0,⚠️ Low
Crocs femme,Lot Charms Crocs,3.0,3,0,Crocs,,https://www.vinted.fr/items/8873758232,active,0,2026-05-10 15:11:52 CEST,2.0,4,➖ Moderate
Crocs femme,Pins crocs,1.5,14,0,Crocs,,https://www.vinted.fr/items/8872623788,active,0,2026-05-10 13:11:52 CEST,4.0,8,🔥 Trending
Crocs femme,Crocs neuve,30.0,14,0,Crocs,,https://www.vinted.fr/items/8869379137,active,0,2026-05-10 00:11:59 CEST,17.0,2,➖ Moderate
Crocs femme,Sandales crocs 37 38,35.0,1,0,Crocs,,https://www.vinted.fr/items/8874688884,active,0,2026-05-09 17:12:05 CEST,24.0,0,⚠️ Low
Crocs femme,Crocs bayaband brown,30.0,56,0,Crocs,,https://www.vinted.fr/items/8862921390,active,9,2026-05-09 17:12:07 CEST,24.0,19,🔥🔥🔥 Very Strong Demand
Crocs femme,Jibbitz crocs,1.0,13,0,Crocs,,https://www.vinted.fr/items/8850292039,active,0,2026-05-08 17:12:13 CEST,48.0,1,⚠️ Low
Crocs femme,Accessoires crocs Jul jibbitz charm Marseille,4.0,10,0,Crocs,,https://www.vinted.fr/items/8847151580,active,0,2026-05-07 17:12:14 CEST,72.0,0,⚠️ Low
Crocs femme,Crocs rose,25.0,4,0,Crocs,,https://www.vinted.fr/items/8873760969,active,0,2026-05-10 15:12:17 CEST,2.0,5,📈 Growing
Crocs femme,Crocs noir neuve,40.0,9,0,Crocs,,https://www.vinted.fr/items/8874544042,active,0,2026-05-09 17:12:25 CEST,24.0,1,⚠️ Low
Crocs femme,Crocs donna,29.5,9,0,Crocs,,https://www.vinted.fr/items/8870956350,active,0,2026-05-10 11:12:25 CEST,6.0,4,➖ Moderate
Crocs femme,Sabots homme blanc T 44,5.0,4,0,Crocs,,https://www.vinted.fr/items/8873297678,active,0,2026-05-10 14:12:29 CEST,3.0,3,➖ Moderate
Crocs femme,Sandales Crocs,20.0,20,0,Crocs,,https://www.vinted.fr/items/8874223949,active,0,2026-05-09 17:12:34 CEST,24.0,2,➖ Moderate
Crocs femme,Crocs Mujer,34.0,0,0,Crocs,,https://www.vinted.fr/items/8874496868,active,0,2026-05-09 17:12:38 CEST,24.0,0,⚠️ Low
Crocs femme,Pin’s/charms pour crocs pop culture Halloween/horreur,1.0,2,0,,,https://www.vinted.fr/items/8871662542,active,0,2026-05-10 12:12:40 CEST,5.0,1,⚠️ Low
Crocs femme,Crocs noir,23.0,35,0,Crocs,,https://www.vinted.fr/items/8809520121,active,0,2026-05-09 17:12:45 CEST,24.0,3,➖ Moderate
Crocs femme,White crocs,15.0,4,0,Crocs,,https://www.vinted.fr/items/8871224805,active,0,2026-05-10 12:12:51 CEST,5.0,2,➖ Moderate
Crocs femme,Jibbitz crocs Summer,12.0,8,0,Crocs,,https://www.vinted.fr/items/8856661900,sold,0,2026-05-08 17:12:51 CEST,48.0,1,⚠️ Low
Crocs femme,crocs blanc,27.0,25,0,Crocs,,https://www.vinted.fr/items/8862370998,active,6,2026-05-09 17:12:59 CEST,24.0,14,🔥🔥 Strong Demand
Crocs femme,Pins pour Crocs,9.9,13,0,Accessories,,https://www.vinted.fr/items/8869426673,active,0,2026-05-10 00:13:01 CEST,17.0,2,➖ Moderate
Crocs femme,Crocs Gr 40,13.0,13,0,Crocs,,https://www.vinted.fr/items/8873356877,active,0,2026-05-10 14:13:04 CEST,3.0,10,🔥 Trending
Crocs femme,🌸 Pins fleurs et perles pour décorer vos crocs,8.0,94,0,Crocs,,https://www.vinted.fr/items/8866286308,active,3,2026-05-09 17:13:11 CEST,24.0,17,🔥🔥🔥 Very Strong Demand
Crocs femme,Crocs,33.0,5,0,Crocs,,https://www.vinted.fr/items/8873943052,active,0,2026-05-10 15:13:14 CEST,2.0,6,📈 Growing
Crocs femme,Crocs beige,30.0,42,0,Crocs,,https://www.vinted.fr/items/8860864813,active,13,2026-05-09 17:13:16 CEST,24.0,20,🔥🔥🔥 Very Strong Demand
Crocs femme,crocs,28.0,20,0,Crocs,,https://www.vinted.fr/items/8867874979,active,4,2026-05-09 20:13:21 CEST,21.0,10,🔥 Trending
Crocs femme,Crocs cars taille 38 chaussons flash macqueen rouge 95,37.0,4,0,Crocs,,https://www.vinted.fr/items/8872729599,active,0,,24.0,0,⚠️ Low
Crocs femme,"Sandales d'été Crocs, taille 37",22.0,64,0,Crocs,,https://www.vinted.fr/items/8833251249,active,4,2026-05-06 17:13:27 CEST,96.0,8,🔥 Trending
Crocs femme,Crocs,12.0,30,0,boutique indépendante,,https://www.vinted.fr/items/8852984193,active,0,2026-05-08 17:13:34 CEST,48.0,2,➖ Moderate
Crocs femme,Original Crocs – Gr. 38 – Top Zustand,13.0,18,0,Crocs,,https://www.vinted.fr/items/8872250841,active,0,2026-05-10 13:13:35 CEST,4.0,11,🔥 Trending
Crocs femme,Crocs noire neuve 38/39,30.0,48,0,Crocs,,https://www.vinted.fr/items/8859350736,sold,0,2026-05-09 17:13:41 CEST,24.0,7,📈 Growing
Crocs femme,"Sabots "" Crocs"" blanc Pointure 39 ( M7 W9)",25.9,8,0,Crocs,,https://www.vinted.fr/items/8875379322,active,0,2022-12-27 17:13:49 CET,29520.0,0,⚠️ Low
Crocs femme,Crocs baya neuve rose,35.0,12,0,Crocs,,https://www.vinted.fr/items/8872600625,active,3,2026-05-10 13:13:50 CEST,4.0,20,🔥🔥🔥 Very Strong Demand
Crocs femme,Crocs plateforme noir,18.0,22,0,Crocs,,https://www.vinted.fr/items/8857284124,active,4,2026-05-08 17:13:56 CEST,48.0,8,🔥 Trending
Crocs femme,Crocs Mega crush Sandal,36.0,68,0,Crocs,,https://www.vinted.fr/items/8864389152,active,6,2026-05-09 17:14:01 CEST,24.0,19,🔥🔥🔥 Very Strong Demand
Crocs femme,Crocs baya neuf,26.0,7,0,Crocs,,https://www.vinted.fr/items/8868433423,active,0,2026-05-09 21:14:03 CEST,20.0,1,⚠️ Low
Crocs femme,Crocs,32.0,2,0,Crocs,,https://www.vinted.fr/items/8872769027,active,0,2026-05-10 14:14:10 CEST,3.0,2,➖ Moderate
Crocs femme,2 pins crocs jul,6.5,5,0,Crocs,,https://www.vinted.fr/items/8873629970,active,0,2026-05-10 15:14:12 CEST,2.0,6,📈 Growing
Crocs femme,Crocs,29.99,45,0,Crocs,,https://www.vinted.fr/items/8855241536,active,6,2026-05-08 17:14:16 CEST,48.0,13,🔥🔥 Strong Demand
Crocs femme,Crocs compensées femme,40.0,42,0,Crocs,,https://www.vinted.fr/items/8860442533,active,3,2026-05-09 17:14:22 CEST,24.0,11,🔥 Trending
Crocs femme,Ballerines Crocs comme neuves,13.0,8,0,Crocs,,https://www.vinted.fr/items/8872169686,active,0,2026-05-10 13:14:24 CEST,4.0,5,📈 Growing
Crocs femme,Ballerines Crocs - bleu blanc rouge - W8 - taille 39,15.0,25,0,Crocs,,https://www.vinted.fr/items/8870872201,active,0,2026-05-10 11:14:29 CEST,6.0,10,🔥 Trending
Crocs femme,Sandales Crocs T. 37-38,15.0,57,0,Crocs,,https://www.vinted.fr/items/8873433494,active,3,2026-05-10 14:14:35 CEST,3.0,20,🔥🔥🔥 Very Strong Demand
Crocs femme,crocs,25.0,31,0,Crocs,,https://www.vinted.fr/items/8854334887,active,4,2026-05-08 17:14:38 CEST,48.0,8,🔥 Trending
Crocs femme,Crocs originales grises à paillettes,12.0,25,0,Crocs,,https://www.vinted.fr/items/8847311563,active,0,2026-05-07 17:14:40 CEST,72.0,1,⚠️ Low
Crocs femme,Crocs,15.0,3,0,Crocs,,https://www.vinted.fr/items/8874590333,active,0,2026-05-09 17:14:49 CEST,24.0,0,⚠️ Low
Crocs femme,Crocs blanche,35.0,61,0,Crocs,,https://www.vinted.fr/items/8859662131,active,12,2026-05-09 17:14:50 CEST,24.0,20,🔥🔥🔥 Very Strong Demand
Crocs femme,Crocs moumoute noir,15.0,20,0,Crocs,,https://www.vinted.fr/items/8837276684,active,0,2026-05-06 17:14:50 CEST,96.0,0,⚠️ Low
Crocs femme,Crocs ballerines noires,18.0,6,0,Crocs,,https://www.vinted.fr/items/8870513838,active,0,2026-05-10 10:14:59 CEST,7.0,2,➖ Moderate
Crocs femme,Ciabatte,35.0,0,0,Crocs,,https://www.vinted.fr/items/8874817921,active,0,2026-05-09 17:15:02 CEST,24.0,0,⚠️ Low
Crocs femme,Crocs plate-forme argentée paillette,45.0,46,0,Crocs,,https://www.vinted.fr/items/8871812397,active,5,2026-05-10 12:15:02 CEST,5.0,20,🔥🔥🔥 Very Strong Demand
Crocs femme,Crocs novas nunca usadas,30.0,17,0,Crocs,,https://www.vinted.fr/items/8869671033,active,3,2026-05-10 02:15:08 CEST,15.0,11,🔥 Trending
Crocs femme,Hausschuhe,15.0,0,0,Crocs,,https://www.vinted.fr/items/8874774694,active,0,2026-05-09 17:15:14 CEST,24.0,0,⚠️ Low
Crocs femme,Crocs toddler,2.5,15,0,Crocs,,https://www.vinted.fr/items/8852158639,active,0,2026-05-08 17:15:18 CEST,48.0,1,⚠️ Low
Crocs femme,Crocs Bubble Crush Clog Triple Black,60.0,41,0,Crocs,,https://www.vinted.fr/items/8571371623,active,0,2026-04-05 17:15:19 CEST,840.0,0,⚠️ Low
Crocs femme,Clips Jibbitz crocs,7.0,42,0,Crocs,,https://www.vinted.fr/items/8756682427,active,0,2026-05-09 17:15:25 CEST,24.0,4,➖ Moderate
Crocs femme,Crocs à plateforme,30.0,29,0,Crocs,,https://www.vinted.fr/items/8869266251,active,4,2026-05-09 23:15:31 CEST,18.0,12,🔥🔥 Strong Demand
Crocs femme,Crocs roze M9 W11 maat 42/43,25.0,10,0,Crocs,,https://www.vinted.fr/items/8872660608,sold,0,2026-05-10 13:15:34 CEST,4.0,9,🔥 Trending
Crocs femme,Lot de 10 pins pour crocs,20.0,25,0,Crocs,,https://www.vinted.fr/items/8860746399,active,0,2026-05-09 17:15:38 CEST,24.0,2,➖ Moderate
Crocs femme,Crocs noir,40.0,36,0,Crocs,,https://www.vinted.fr/items/8859292601,active,6,2026-05-09 17:15:43 CEST,24.0,16,🔥🔥🔥 Very Strong Demand
Crocs femme,Crocs femme caged mules,45.0,6,0,Crocs,,https://www.vinted.fr/items/8871899274,active,0,2026-05-10 13:15:45 CEST,4.0,4,➖ Moderate
Crocs femme,white crocs,15.0,37,0,Crocs,,https://www.vinted.fr/items/8773031093,active,6,2026-05-09 17:15:50 CEST,24.0,16,🔥🔥🔥 Very Strong Demand
Crocs femme,Crocs kitchen shoes,48.0,50,0,Crocs,,https://www.vinted.fr/items/8776638317,active,0,2026-05-09 17:15:55 CEST,24.0,5,📈 Growing
Crocs femme,Crocs rose à paillettes,5.0,15,0,Crocs,,https://www.vinted.fr/items/8866059453,active,0,2026-05-09 17:15:59 CEST,24.0,2,➖ Moderate
Crocs femme,Crocs beige mixte neuf original pt 40,32.0,76,0,Crocs,,https://www.vinted.fr/items/8807118403,active,12,2026-05-09 17:16:01 CEST,24.0,20,🔥🔥🔥 Very Strong Demand
Crocs femme,crocs,25.0,31,0,Crocs,,https://www.vinted.fr/items/8854334887,active,4,2026-05-08 17:16:07 CEST,48.0,8,🔥 Trending
Crocs femme,white crocs,15.0,37,0,Crocs,,https://www.vinted.fr/items/8773031093,active,6,2026-05-09 17:16:09 CEST,24.0,16,🔥🔥🔥 Very Strong Demand
Crocs femme,Crocs blanche,30.0,52,0,Crocs,,https://www.vinted.fr/items/8856973523,active,10,2026-05-08 17:16:13 CEST,48.0,19,🔥🔥🔥 Very Strong Demand
Crocs femme,Crocs ballerines noires,18.0,6,0,Crocs,,https://www.vinted.fr/items/8870513838,active,0,2026-05-10 10:16:17 CEST,7.0,2,➖ Moderate
Crocs femme,Crocs à plateforme,30.0,29,0,Crocs,,https://www.vinted.fr/items/8869266251,active,4,2026-05-09 23:16:22 CEST,18.0,12,🔥🔥 Strong Demand
Crocs femme,Crocs mules taille 36,15.0,21,0,Crocs,,https://www.vinted.fr/items/8861375419,active,0,2026-05-09 17:16:24 CEST,24.0,2,➖ Moderate
Crocs femme,Croc’s Rose pale - Barely pink,28.0,9,0,Crocs,,https://www.vinted.fr/items/8873607630,active,0,,24.0,1,⚠️ Low
Crocs femme,Vends belle paire de Crocs,25.0,4,0,Crocs,,https://www.vinted.fr/items/8872988429,active,0,2026-05-10 14:16:32 CEST,3.0,3,➖ Moderate
Crocs femme,Crocs Cleo 9 39/40 schwarz Badeschuhe neu,18.0,7,0,Crocs,,https://www.vinted.fr/items/8873132099,active,0,2026-05-10 14:16:37 CEST,3.0,6,📈 Growing
Crocs femme,Crocs plateforme,35.0,32,0,Crocs,,https://www.vinted.fr/items/8845726089,active,3,2026-05-07 17:16:38 CEST,72.0,7,📈 Growing
Crocs femme,Crocs femme,30.0,39,0,Crocs,,https://www.vinted.fr/items/8851064012,active,6,2026-05-08 17:16:44 CEST,48.0,13,🔥🔥 Strong Demand
Crocs femme,Crocs UK9,15.0,26,0,Crocs,,https://www.vinted.fr/items/8766776744,active,0,2026-05-09 17:16:50 CEST,24.0,3,➖ Moderate
Crocs femme,Sandalias Crocs,19.0,21,0,Crocs,,https://www.vinted.fr/items/8870581860,active,6,2026-05-10 10:16:53 CEST,7.0,20,🔥🔥🔥 Very Strong Demand
Crocs femme,Crocs,18.0,32,0,Crocs,,https://www.vinted.fr/items/8857299290,active,9,2026-05-08 17:16:56 CEST,48.0,13,🔥🔥 Strong Demand
Crocs femme,Crocs CARS taille 38/39 -> M6/W8,40.0,33,0,Crocs,,https://www.vinted.fr/items/8859696807,active,6,2026-05-09 17:17:01 CEST,24.0,15,🔥🔥 Strong Demand
Crocs femme,Crocs,30.0,14,0,Crocs,,https://www.vinted.fr/items/8863261764,active,4,2026-05-09 17:17:06 CEST,24.0,9,🔥 Trending
Crocs femme,Crocs plate-forme,40.0,2,0,Crocs,,https://www.vinted.fr/items/8874082704,active,0,2026-05-10 15:17:07 CEST,2.0,2,➖ Moderate
Crocs femme,Crocs (fausse) taille haute,8.0,11,0,Crocs,,https://www.vinted.fr/items/8757320720,active,0,2026-05-09 17:17:16 CEST,24.0,1,⚠️ Low
Crocs femme,Crocs,25.0,54,0,Crocs,,https://www.vinted.fr/items/8854498057,active,9,2026-05-08 17:17:18 CEST,48.0,14,🔥🔥 Strong Demand
Crocs femme,Chinelos Crocs originais,13.0,37,0,Crocs,,https://www.vinted.fr/items/8872251121,active,5,2026-05-10 13:17:21 CEST,4.0,20,🔥🔥🔥 Very Strong Demand
Crocs femme,Crocs,30.0,0,0,Crocs,,https://www.vinted.fr/items/8875317443,active,0,2026-05-09 17:17:27 CEST,24.0,0,⚠️ Low
Crocs femme,Crocs neuf 37,30.0,34,0,Crocs,,https://www.vinted.fr/items/8858521995,active,4,2026-05-09 17:17:30 CEST,24.0,11,🔥 Trending
Crocs femme,Welly crocs,6.0,1,0,Crocs,,https://www.vinted.fr/items/8873944091,active,0,2026-05-10 15:17:33 CEST,2.0,1,⚠️ Low
Crocs femme,Crocs lilas,30.0,28,0,Crocs,,https://www.vinted.fr/items/8863606584,active,0,2026-05-09 17:17:39 CEST,24.0,3,➖ Moderate
Crocs femme,Crocs burton,20.0,60,0,Burton,,https://www.vinted.fr/items/8865711389,active,0,2026-05-09 17:17:42 CEST,24.0,6,📈 Growing
Crocs femme,Pantofole Crocs donna taglia 37-38,20.0,16,0,Crocs,,https://www.vinted.fr/items/8737383554,active,0,2026-04-26 17:17:47 CEST,336.0,0,⚠️ Low
Crocs femme,Crocs rose paillette femme taille 39/40,45.0,46,0,Crocs,,https://www.vinted.fr/items/8866739709,active,5,2026-05-09 17:17:49 CEST,24.0,16,🔥🔥🔥 Very Strong Demand
Crocs femme,Crocs Classic Clog Summer Édition,30.0,16,0,Crocs,,https://www.vinted.fr/items/8865777165,active,0,2026-05-09 17:17:52 CEST,24.0,2,➖ Moderate
Crocs femme,Crocs,18.0,33,0,Crocs,,https://www.vinted.fr/items/8868474637,active,0,2026-05-09 21:17:59 CEST,20.0,4,➖ Moderate
Crocs femme,Lot Charms Crocs,3.0,3,0,Crocs,,https://www.vinted.fr/items/8873775802,active,0,2026-05-10 15:18:02 CEST,2.0,4,➖ Moderate
Crocs femme,Crocs,32.0,35,0,Crocs,,https://www.vinted.fr/items/8858464682,active,9,2026-05-09 17:18:04 CEST,24.0,17,🔥🔥🔥 Very Strong Demand
Crocs femme,Crocs,20.0,8,0,Crocs,,https://www.vinted.fr/items/8872296772,active,0,2026-05-10 13:18:10 CEST,4.0,5,📈 Growing
Crocs femme,crocs marron,30.0,31,0,Crocs,,https://www.vinted.fr/items/8863289416,active,3,2026-05-09 17:18:13 CEST,24.0,10,🔥 Trending
Crocs femme,Crocs neuf,28.0,19,0,Crocs,,https://www.vinted.fr/items/8867944999,active,0,2026-05-09 20:18:18 CEST,21.0,2,➖ Moderate
Crocs femme,crocs platform,25.0,52,0,Crocs,,https://www.vinted.fr/items/8867740236,active,0,2026-05-09 20:18:23 CEST,21.0,6,📈 Growing
Crocs femme,Crocs,9.0,27,0,Crocs,,https://www.vinted.fr/items/8864586052,active,5,2026-05-09 17:18:24 CEST,24.0,14,🔥🔥 Strong Demand
Crocs femme,Crocs beige,36.99,0,0,Crocs,,https://www.vinted.fr/items/8875693530,active,0,2024-05-20 17:18:29 CEST,17280.0,0,⚠️ Low
Crocs femme,Crocs plateforme,35.0,59,0,Crocs,,https://www.vinted.fr/items/8846396790,active,6,2026-05-07 17:18:36 CEST,72.0,12,🔥🔥 Strong Demand
Crocs femme,Tongs CROCS,15.0,32,0,Crocs,,https://www.vinted.fr/items/8815203235,active,0,2026-05-04 17:18:38 CEST,144.0,1,⚠️ Low
Crocs femme,Crocs violette,20.0,0,0,Crocs,,https://www.vinted.fr/items/8875540452,active,0,2023-06-25 17:18:40 CEST,25200.0,0,⚠️ Low
Crocs femme,Crocs Orange,35.0,22,0,Crocs,,https://www.vinted.fr/items/8870677551,sold,0,2026-05-10 11:18:47 CEST,6.0,13,🔥🔥 Strong Demand
Crocs femme,Crocs,30.0,3,0,Crocs,,https://www.vinted.fr/items/8872143816,active,0,2026-05-10 13:18:50 CEST,4.0,2,➖ Moderate
Crocs femme,"Crocs woman trainers,new",43.0,8,0,Crocs,,https://www.vinted.fr/items/8874030570,active,0,2026-05-10 15:18:54 CEST,2.0,10,🔥 Trending
Crocs femme,Crocs t 40,19.99,1,0,Crocs,,https://www.vinted.fr/items/8873999242,active,0,2026-05-10 15:19:00 CEST,2.0,1,⚠️ Low
Crocs femme,Sabots crocs roses,28.0,24,0,Crocs,,https://www.vinted.fr/items/8870778624,active,4,2026-05-10 11:19:01 CEST,6.0,20,🔥🔥🔥 Very Strong Demand
Crocs femme,Crocs homme 42M,50.0,3,0,Crocs,,https://www.vinted.fr/items/8872782703,active,0,,24.0,0,⚠️ Low
Crocs femme,crocs echo clog,50.0,6,0,Crocs,,https://www.vinted.fr/items/8871259147,active,3,2026-05-10 12:19:10 CEST,5.0,15,🔥🔥 Strong Demand
Crocs femme,Crocs,5.0,12,0,Shein,,https://www.vinted.fr/items/8861786209,active,0,2026-05-09 17:19:12 CEST,24.0,1,⚠️ Low
Crocs femme,Sandales tongues crocs,15.0,4,0,Crocs,,https://www.vinted.fr/items/8873446918,active,0,2026-05-10 14:19:17 CEST,3.0,3,➖ Moderate
Crocs femme,Croc Charms,1.0,32,0,Crocs,,https://www.vinted.fr/items/8473207444,active,0,2026-03-29 17:19:26 CEST,1008.0,0,⚠️ Low
Crocs femme,Pins pour crocs,1.0,26,0,Crocs,,https://www.vinted.fr/items/8810129301,active,0,2026-05-09 17:19:27 CEST,24.0,3,➖ Moderate
Crocs femme,Crocs,10.0,14,0,Crocs,,https://www.vinted.fr/items/8782910708,active,0,2026-05-09 17:19:31 CEST,24.0,1,⚠️ Low
Crocs femme,Crocs rose avec pins,18.5,12,0,Crocs,,https://www.vinted.fr/items/8866759986,active,0,2026-05-09 17:19:40 CEST,24.0,1,⚠️ Low
Crocs femme,Crocs simpson,25.0,17,0,Crocs,,https://www.vinted.fr/items/8815163023,active,0,2026-05-04 17:19:40 CEST,144.0,0,⚠️ Low
Crocs femme,Crocs ballerines fleurs bleues,11.0,18,0,Crocs,,https://www.vinted.fr/items/8812251811,active,0,2026-05-09 17:19:41 CEST,24.0,2,➖ Moderate
Crocs femme,Crocs slippers maat 42,15.0,22,0,Crocs,,https://www.vinted.fr/items/8870364804,active,3,2026-05-10 10:19:52 CEST,7.0,18,🔥🔥🔥 Very Strong Demand
Crocs femme,Sabot Crocs,4.0,14,0,Crocs,,https://www.vinted.fr/items/8121584977,active,0,2026-02-09 17:19:54 CET,2160.0,0,⚠️ Low
Crocs femme,Charms crocs,1.0,0,0,Crocs,,https://www.vinted.fr/items/8872515913,active,0,2026-05-10 15:19:54 CEST,2.0,0,⚠️ Low
Crocs femme,CROCS Classic grise,23.0,6,0,Crocs,,https://www.vinted.fr/items/8871503496,active,0,2026-05-10 12:20:03 CEST,5.0,3,➖ Moderate
Crocs femme,jibbitz crocs,4.0,5,0,Crocs,,https://www.vinted.fr/items/8861666676,active,0,2026-05-09 17:20:05 CEST,24.0,0,⚠️ Low
Crocs femme,Sandales Crocs,35.0,29,0,Crocs,,https://www.vinted.fr/items/8867229495,active,0,2026-05-09 19:20:05 CEST,22.0,3,➖ Moderate
Crocs femme,Crocs paillete,32.0,59,0,Crocs,,https://www.vinted.fr/items/8819332516,active,7,2026-05-04 17:20:15 CEST,144.0,11,🔥 Trending
Crocs femme,Pins crocs carte algerie,2.5,5,0,,,https://www.vinted.fr/items/8869147003,active,0,2026-05-09 23:20:16 CEST,18.0,1,⚠️ Low
Crocs femme,crocs bayaband clog neuve,35.0,46,0,Crocs,,https://www.vinted.fr/items/8872741041,active,3,2026-05-10 13:20:17 CEST,4.0,20,🔥🔥🔥 Very Strong Demand
Crocs femme,glitzernde Crocs Clogs # glitzernde Crocs Clogs,23.0,15,0,Crocs,,https://www.vinted.fr/items/8857391023,active,6,2026-05-08 17:20:25 CEST,48.0,12,🔥🔥 Strong Demand
Crocs femme,Sandals Crocs,15.0,14,0,Crocs,,https://www.vinted.fr/items/8862930553,active,0,2026-05-09 17:20:28 CEST,24.0,1,⚠️ Low
Crocs femme,"Original Crocs M5 W7 aubergine ,ca. Gr.37",16.0,21,0,Crocs,,https://www.vinted.fr/items/8862687314,active,0,2026-05-09 17:20:29 CEST,24.0,2,➖ Moderate
Crocs femme,Crocs,20.0,25,0,Crocs,,https://www.vinted.fr/items/8866942729,active,0,,24.0,2,➖ Moderate
Crocs femme,Crocs,30.0,85,0,Crocs,,https://www.vinted.fr/items/8842112468,active,5,2026-05-07 17:20:39 CEST,72.0,13,🔥🔥 Strong Demand
Crocs femme,Crocs kaki,5.0,19,0,Crocs,,https://www.vinted.fr/items/7464683538,active,0,2025-11-11 17:20:41 CET,4320.0,0,⚠️ Low
Crocs femme,Jibbitz,1.0,31,0,Crocs,,https://www.vinted.fr/items/8808889089,active,0,2026-05-09 17:20:47 CEST,24.0,3,➖ Moderate
Crocs femme,Sandales Crocs Noir,18.0,8,0,Crocs,,https://www.vinted.fr/items/8871785593,active,3,2026-05-10 12:20:50 CEST,5.0,16,🔥🔥🔥 Very Strong Demand
Crocs femme,Crocs,28.0,17,0,Crocs,,https://www.vinted.fr/items/8783506233,active,0,2026-05-09 17:20:53 CEST,24.0,2,➖ Moderate
Crocs femme,Crocs compensés,25.0,50,0,Crocs,,https://www.vinted.fr/items/8833514051,active,0,2026-05-06 17:20:59 CEST,96.0,1,⚠️ Low
Crocs femme,"zoccoli leggeri, di alta qualità ed eleganti",49.0,15,0,Crocs,,https://www.vinted.fr/items/8860128797,active,0,2026-05-09 17:21:01 CEST,24.0,2,➖ Moderate
Crocs femme,CROCS - classic mary jane clog crocs,40.0,35,0,Crocs,,https://www.vinted.fr/items/8873133461,active,0,2026-05-10 14:21:06 CEST,3.0,20,🔥🔥🔥 Very Strong Demand
Crocs femme,Crocs,40.0,35,0,Crocs,,https://www.vinted.fr/items/8863582933,active,9,2026-05-09 17:21:11 CEST,24.0,17,🔥🔥🔥 Very Strong Demand
Crocs femme,Sandalen van Crocs maat 10,17.0,3,0,Crocs,,https://www.vinted.fr/items/8875583041,active,0,2023-07-25 17:21:13 CEST,24480.0,0,⚠️ Low
Crocs femme,Crocs,29.9,3,0,Crocs,,https://www.vinted.fr/items/8873285285,active,0,2026-05-10 14:21:18 CEST,3.0,2,➖ Moderate
Crocs femme,Sabot style crocs baya plateform,9.0,53,0,Crocs,,https://www.vinted.fr/items/8729496607,active,0,2026-04-26 17:21:26 CEST,336.0,0,⚠️ Low
Crocs femme,Crocs blanche,10.0,12,0,Crocs,,https://www.vinted.fr/items/8862096836,active,0,2026-05-09 17:21:27 CEST,24.0,1,⚠️ Low
Crocs femme,Crocs,13.0,10,0,Crocs,,https://www.vinted.fr/items/8859509875,active,0,2026-05-09 17:21:31 CEST,24.0,1,⚠️ Low
Crocs femme,Lot de pins pour crocs,20.0,90,0,Crocs,,https://www.vinted.fr/items/8827565582,active,0,2026-05-05 17:21:39 CEST,120.0,2,➖ Moderate
Crocs femme,Crocs rose avec bijoux,10.0,19,0,Crocs,,https://www.vinted.fr/items/8281829270,active,0,2026-03-11 17:21:40 CET,1440.0,0,⚠️ Low
Crocs femme,Crocs neuve,30.0,32,0,Crocs,,https://www.vinted.fr/items/8810731674,active,0,2026-05-09 17:21:48 CEST,24.0,3,➖ Moderate
Crocs femme,Crocs dames  classic Marbled clog maat 37-38,24.5,60,0,Crocs,,https://www.vinted.fr/items/8870198128,active,9,2026-05-10 09:21:49 CEST,8.0,20,🔥🔥🔥 Very Strong Demand
Crocs femme,Crocs Crush Unisex Original Gr. 38,40.0,4,0,Crocs,,https://www.vinted.fr/items/8873958424,active,0,2026-05-10 15:21:58 CEST,2.0,5,📈 Growing
Crocs femme,Sandalen,13.0,49,0,Crocs,,https://www.vinted.fr/items/8873565461,active,8,2026-05-10 15:21:59 CEST,2.0,20,🔥🔥🔥 Very Strong Demand
Crocs femme,Crocs baya plateforme,30.0,17,0,,,https://www.vinted.fr/items/8870800563,active,5,2026-05-10 11:22:00 CEST,6.0,20,🔥🔥🔥 Very Strong Demand
Crocs femme,Crocs unisex,30.0,31,0,Crocs,,https://www.vinted.fr/items/8868452070,active,4,2026-05-09 21:22:09 CEST,20.0,12,🔥🔥 Strong Demand
Crocs femme,Crocs ! voir description !!,8.5,41,0,Crocs,,https://www.vinted.fr/items/8508428083,sold,0,2026-03-29 17:22:10 CEST,1008.0,0,⚠️ Low
Crocs femme,Crocs Noir fourré  taille 39/40 W9,2.0,6,0,Crocs,,https://www.vinted.fr/items/8802870499,active,0,2026-05-09 17:22:11 CEST,24.0,1,⚠️ Low
Crocs femme,Sandales CROCS Nude 40,25.0,4,0,Crocs,,https://www.vinted.fr/items/8873519177,active,0,2026-05-10 14:22:20 CEST,3.0,3,➖ Moderate
Crocs femme,Crocs beige anti-dérapant,15.0,11,0,Crocs,,https://www.vinted.fr/items/8849581339,active,0,2026-05-07 17:22:21 CEST,72.0,0,⚠️ Low
Crocs femme,Lot de 10 pins pour crocs,20.0,12,0,Crocs,,https://www.vinted.fr/items/8860740990,active,0,2026-05-09 17:22:23 CEST,24.0,1,⚠️ Low
Crocs femme,Crocs marrons,35.0,35,0,Crocs,,https://www.vinted.fr/items/8864119179,active,6,2026-05-09 17:22:31 CEST,24.0,15,🔥🔥 Strong Demand
Crocs femme,Crocs rose,22.0,23,0,Crocs,,https://www.vinted.fr/items/8756700467,active,0,2026-05-09 17:22:32 CEST,24.0,2,➖ Moderate
Crocs femme,Crocs,20.0,25,0,Crocs,,https://www.vinted.fr/items/8866942729,active,0,,24.0,2,➖ Moderate
Crocs femme,Crocs beige anti-dérapant,15.0,11,0,Crocs,,https://www.vinted.fr/items/8849581339,active,0,2026-05-07 17:22:41 CEST,72.0,0,⚠️ Low
Crocs femme,"Women's black sandals, size 36",22.0,38,0,Crocs,,https://www.vinted.fr/items/8866943799,active,3,2026-05-09 17:22:44 CEST,24.0,11,🔥 Trending
Crocs femme,Crocs beige,40.0,15,0,Crocs,,https://www.vinted.fr/items/8859263379,active,4,2026-05-09 17:22:47 CEST,24.0,9,🔥 Trending
Crocs femme,CROCS - classic mary jane clog crocs,40.0,35,0,Crocs,,https://www.vinted.fr/items/8873133461,active,0,2026-05-10 14:22:54 CEST,3.0,20,🔥🔥🔥 Very Strong Demand
Crocs femme,Crocs,30.0,3,0,Crocs,,https://www.vinted.fr/items/8691268125,active,0,2026-04-19 17:22:58 CEST,504.0,0,⚠️ Low
Crocs femme,Crocs noir,40.0,36,0,Crocs,,https://www.vinted.fr/items/8859292601,active,6,2026-05-09 17:23:03 CEST,24.0,16,🔥🔥🔥 Very Strong Demand
Crocs femme,Crocs teenslippers,10.0,11,0,Crocs,,https://www.vinted.fr/items/8871732194,active,3,2026-05-10 12:23:05 CEST,5.0,17,🔥🔥🔥 Very Strong Demand
Crocs femme,Tonton daoud pins crocs,1.5,8,0,,,https://www.vinted.fr/items/8853985879,active,0,2026-05-08 17:23:08 CEST,48.0,0,⚠️ Low
Crocs femme,Crocs Tulum Sandal,24.0,1,0,Crocs,,https://www.vinted.fr/items/8874800696,active,0,2026-05-09 17:23:14 CEST,24.0,0,⚠️ Low
Crocs femme,Crocs,25.0,21,0,Crocs,,https://www.vinted.fr/items/8855465222,active,0,2026-05-08 17:23:17 CEST,48.0,1,⚠️ Low
Crocs femme,crocs bleu,25.0,37,0,Crocs,,https://www.vinted.fr/items/8763985684,active,0,2026-05-09 17:23:20 CEST,24.0,4,➖ Moderate
Crocs femme,Crocs - tongs à plate-forme - pointure 38,25.0,24,0,Crocs,,https://www.vinted.fr/items/8856841469,active,0,2026-05-08 17:23:26 CEST,48.0,1,⚠️ Low
Crocs femme,Crocs Sandalen metallic Schnalle 39-40,39.0,12,0,Crocs,,https://www.vinted.fr/items/8872757859,active,0,2026-05-10 13:23:28 CEST,4.0,7,📈 Growing
Crocs femme,Sandalen,13.0,49,0,Crocs,,https://www.vinted.fr/items/8873565461,active,8,2026-05-10 15:23:31 CEST,2.0,20,🔥🔥🔥 Very Strong Demand
Crocs femme,Crocs avec pins,18.5,7,0,Crocs,,https://www.vinted.fr/items/8866260078,active,0,2026-05-09 17:23:36 CEST,24.0,1,⚠️ Low
Crocs femme,Zwarte crocs,25.0,3,0,Crocs,,https://www.vinted.fr/items/8872493984,active,0,,24.0,0,⚠️ Low
Crocs femme,Crocs,40.0,35,0,Crocs,,https://www.vinted.fr/items/8863582933,active,9,2026-05-09 17:23:43 CEST,24.0,17,🔥🔥🔥 Very Strong Demand
Crocs femme,crocs rose,15.0,24,0,Crocs,,https://www.vinted.fr/items/8848810726,active,4,2026-05-07 17:23:49 CEST,72.0,7,📈 Growing
Crocs femme,Sandales CROCS Nude 40,25.0,4,0,Crocs,,https://www.vinted.fr/items/8873519177,active,0,2026-05-10 14:23:53 CEST,3.0,3,➖ Moderate
Crocs femme,Crocs,15.0,26,0,Crocs,,https://www.vinted.fr/items/8826820854,active,0,2026-05-05 17:23:55 CEST,120.0,1,⚠️ Low
Crocs femme,Chausseure femme CROCS taille 37,11.0,29,0,Crocs,,https://www.vinted.fr/items/8650948375,active,0,2026-04-19 17:23:58 CEST,504.0,0,⚠️ Low
Crocs femme,Crocs,30.0,85,0,Crocs,,https://www.vinted.fr/items/8842112468,active,5,2026-05-07 17:24:05 CEST,72.0,13,🔥🔥 Strong Demand
Crocs femme,Crocs,27.0,50,0,Crocs,,https://www.vinted.fr/items/8771065958,active,3,2026-05-09 17:24:07 CEST,24.0,12,🔥🔥 Strong Demand
Crocs femme,Crocs ballerines original kaki 39,15.0,24,0,Crocs,,https://www.vinted.fr/items/8839817789,active,0,2026-05-06 17:24:09 CEST,96.0,1,⚠️ Low
Crocs femme,Crocs,15.0,223,0,Crocs,,https://www.vinted.fr/items/7951756369,active,0,2026-02-09 17:24:18 CET,2160.0,0,⚠️ Low
Crocs femme,Crocs looney tunes,30.0,0,0,Crocs,,https://www.vinted.fr/items/8875223650,active,0,2026-05-09 17:24:19 CEST,24.0,0,⚠️ Low
Crocs femme,Zapatillas croc,24.5,33,0,Crocs,,https://www.vinted.fr/items/8866436619,active,8,2026-05-09 17:24:24 CEST,24.0,16,🔥🔥🔥 Very Strong Demand
Crocs femme,Jibbitz Mario kart,10.0,32,0,Crocs,,https://www.vinted.fr/items/8741945260,active,0,2026-04-26 17:24:29 CEST,336.0,0,⚠️ Low
Crocs femme,Croc flip flops,7.0,0,0,Crocs,,https://www.vinted.fr/items/8874566107,active,0,2026-05-09 17:24:34 CEST,24.0,0,⚠️ Low
Crocs femme,Lot de 10 pins pour crocs,20.0,12,0,Crocs,,https://www.vinted.fr/items/8860740990,active,0,2026-05-09 17:24:39 CEST,24.0,1,⚠️ Low