keyword,title,price,likes,views,brand,country,url
"""stanley quencher rose""",Borraccia Stanley Cup Quencher H2O Tumbler colore Cherry blossom,33.0,22,0,Stanley,,https://www.vinted.fr/items/9536061290
"""stanley quencher rose""",Stanley Quencher H2.0 Tumbler,30.0,9,0,Stanley,,https://www.vinted.fr/items/9539534678
"""stanley quencher rose""","Stanley Quencher H2.0 Tumbler 1,18l",39.0,3,0,Stanley,,https://www.vinted.fr/items/9538670346
"""stanley quencher rose""","Stanley Cup Hello Kitty Beker - Quencher H2.0 Tumbler - 1,18 L",38.25,38,0,Stanley,,https://www.vinted.fr/items/9532965174
"""stanley quencher rose""",Gobelet Stanley Quencher H2.0 Tumbler 1.18L - Resort Floral (Neuf),50.0,4,0,Stanley,,https://www.vinted.fr/items/9533179076
"""stanley quencher rose""","Stanley Quencher H2.O, licht roze.",35.0,12,0,Stanley,,https://www.vinted.fr/items/9532519269
"""stanley quencher rose""",Stanley cup flowstate tumbler 40oz/1.18L peach tie dye limited edition quencher H2.0 new,60.0,4,0,Stanley,,https://www.vinted.fr/items/9530270825
"""stanley quencher rose""",Stanley Quencher H2.0 FlowState Tumbler 40 OZ (1.18 L) Gloednieuw/licht roze,34.99,25,0,Stanley,,https://www.vinted.fr/items/9527939155
"""stanley quencher rose""",Stanley Becherhalter für 40 oz Quencher mit Schultergurt – Rosa – Neu (Becher nicht enthalten),18.0,80,0,Stanley,,https://www.vinted.fr/items/9522075061
"""stanley quencher rose""",Stanley Cup Quencher x Barbie Edition | 1.18 L,50.0,33,0,Stanley,,https://www.vinted.fr/items/9525796576
"""stanley quencher rose""",Barbie Stanley / Quencher H2.0 Tumbler / Neu OVP,55.0,101,0,Stanley,,https://www.vinted.fr/items/9525217523
"""stanley quencher rose""",The Barbie x Stanley Icon Quencher,49.0,143,0,Stanley,,https://www.vinted.fr/items/9522870195
"""stanley quencher rose""","Stanley quencher H2.0 tumbler 1,18 liter roze",35.0,92,0,Stanley,,https://www.vinted.fr/items/9519226575
"""stanley quencher rose""",Stanley Quencher H2.0,35.0,7,0,Stanley,,https://www.vinted.fr/items/9516344250
"""stanley quencher rose""","Stanley Quencher H2.0 40 oz (1,18 l) Neu",48.0,115,0,Stanley,,https://www.vinted.fr/items/9514285206
"""stanley quencher rose""",🌸Stanley Quencher H2.0 Tumber🌸,23.5,34,0,Stanley,,https://www.vinted.fr/items/9513077141
"""stanley quencher rose""",Stanley x LoveShackFancy Quencher coquette Ruban Rose – Édition limitée – Neuve,55.0,45,0,LoveShackFancy,,https://www.vinted.fr/items/9526308535
"""stanley quencher rose""",Stanley Quencher H2.0 Tumbler,28.0,1,0,Stanley,,https://www.vinted.fr/items/9510043438
"""stanley quencher rose""","Stanley The Quencher ProTour Flip Straw Tumbler | 1,2L",37.0,30,0,Stanley,,https://www.vinted.fr/items/9507542821
"""stanley quencher rose""",Stanley Quencher H2.0 FlowState Rose quartz,10.0,15,0,Stanley,,https://www.vinted.fr/items/9503250224
"""stanley quencher rose""","Stanley x Barbie Quencher 1,2 l",90.0,4,0,Stanley,,https://www.vinted.fr/items/9506100575
"""stanley quencher rose""",Termo Stanley 1913 Quencher,20.0,46,0,Stanley,,https://www.vinted.fr/items/9499816209
"""stanley quencher rose""",Quencher H2.0 Stanley,35.0,21,0,Stanley,,https://www.vinted.fr/items/9497283152
"""stanley quencher rose""","Stanley Cup x Barbie Quencher 40oz 1,2L '80s Dynamite Limited Edition",55.75,6,0,Stanley,,https://www.vinted.fr/items/9497401009
"""stanley quencher rose""",The Barbie Stanley Icon Quencher 1.18L,50.0,87,0,Stanley,,https://www.vinted.fr/items/9493304802
"""stanley quencher rose""",The Barbie x Stanley Icon Quencher,49.0,72,0,Stanley,,https://www.vinted.fr/items/9487937016
"""stanley quencher rose""",Stanley Quencher Tumbler | 1.18L,40.0,6,0,Stanley,,https://www.vinted.fr/items/9486166767
"""stanley quencher rose""",Stanley Quencher H2.0 40oz Tumbler Rose Rosa,45.0,8,0,Stanley,,https://www.vinted.fr/items/9471080567
"""stanley quencher rose""","Stanley Cup Quencher H2.0 Tumbler 1,18 L",40.0,29,0,Stanley,,https://www.vinted.fr/items/9452776188
"""stanley quencher rose""","Borraccia termica Stanley Quencher 40oz / 1,18L LoveShackFancy rosa",58.0,64,0,Stanley,,https://www.vinted.fr/items/9466868000
"""stanley quencher rose""",Stanley Quencher H2.0 FlowState Tumbler,30.0,22,0,Stanley,,https://www.vinted.fr/items/9463110452
"""stanley quencher rose""","Gobelet Stanley Quencher personnalisé rose 1,18 L",50.0,53,0,Stanley,,https://www.vinted.fr/items/9446254476
"""stanley quencher rose""","🌸🔥Stanley Quencher H2.0 FlowState 40oz (1,18L) Rose Quartz nuova",40.0,43,0,Stanley,,https://www.vinted.fr/items/9446923155
"""stanley quencher rose""",Stanley Quencher Flip Straw,50.0,4,0,Stanley,,https://www.vinted.fr/items/9460127437
"""stanley quencher rose""",Gourde 🥤 Stanley Quencher,32.0,26,0,Stanley,,https://www.vinted.fr/items/9453615121
"""stanley quencher rose""",Stanley 40 oz quencher carry all,25.0,42,0,Stanley,,https://www.vinted.fr/items/9445353260
"""stanley quencher rose""",rosa stanley tumbler Quencher,25.0,55,0,Stanley,,https://www.vinted.fr/items/9437429036
"""stanley quencher rose""",Stanley x LoveShackFancy Quencher – Limited Edition,60.0,45,0,Stanley,,https://www.vinted.fr/items/9433626496
"""stanley quencher rose""","Gourde Stanley Quencher rose clair 1,2L",40.0,0,0,Stanley,,https://www.vinted.fr/items/9439484026
"""stanley quencher rose""",Gourde Stanley H2.0 40 oz 1.18L Neuve,35.0,16,0,Stanley,,https://www.vinted.fr/items/9413103485
"""stanley quencher rose""",Termo stanley quencher 1.2 l fuchsia nuevo,33.0,18,0,Stanley,,https://www.vinted.fr/items/9427162975
"""stanley quencher rose""",Quencher stanley 1.18l straw,35.0,27,0,Stanley,,https://www.vinted.fr/items/9388035029
"""stanley quencher rose""",Stanley Quencher 1.2L in Rose Quartz,30.0,22,0,Stanley,,https://www.vinted.fr/items/9413300032
"""stanley quencher rose""",Stanley The Flowstate Quencher Tumbler,40.0,5,0,Stanley,,https://www.vinted.fr/items/9395534989
"""stanley quencher rose""",Stanley Quencher,48.0,4,0,Stanley,,https://www.vinted.fr/items/9390471271
"""stanley quencher rose""","Stanley All Day Quencher Carry-All rose quartz für 1,18 Liter",45.0,19,0,Stanley,,https://www.vinted.fr/items/9372412335
"""stanley quencher rose""",Stanley 1913 Quencher H2.0 FlowState Tumbler 0.89L,29.0,5,0,Stanley,,https://www.vinted.fr/items/9365425439
"""stanley quencher rose""",Vaso Térmico Stanley Quencher 1.2L (40oz) Con Asa - Rosa,40.0,11,0,Stanley,,https://www.vinted.fr/items/9354008857
"""stanley quencher rose""",Vaso Térmico Stanley Quencher H2.0 FlowState (40oz / 1.18L),30.0,9,0,Stanley,,https://www.vinted.fr/items/9347857097
"""stanley quencher rose""",Stanley Quencher H2.0 1.18L (40oz) Rosa,30.0,11,0,Stanley,,https://www.vinted.fr/items/9277216630
"""stanley quencher rose""",Stanley Quencher- 0.89 l Orangecream,25.0,29,0,Stanley,,https://www.vinted.fr/items/9293873384
"""stanley quencher rose""","Stanley Quencher H2.0 1,18 l (40 oz) Fuchsia – Neu mit Etikett",37.0,33,0,Stanley,,https://www.vinted.fr/items/9284119951
"""stanley quencher rose""",Stanley Quencher FlowState H2.0,30.0,51,0,Stanley,,https://www.vinted.fr/items/9286034835
"""stanley quencher rose""",Stanley Quencher H2.0 Flowstate Tumbler thermosfles 1.18 L,37.99,3,0,Stanley,,https://www.vinted.fr/items/9256653658
"""stanley quencher rose""",Stanley The Flowstate Quencher H2.0 Tumbler,40.0,8,0,Stanley,,https://www.vinted.fr/items/9275438235
"""stanley quencher rose""",Vaso térmico Stanley Quencher Frigo,32.0,14,0,Stanley,,https://www.vinted.fr/items/9248779161
"""stanley quencher rose""",Quencher H2.0 FlowState Tumbler | 0.89L/30oz,70.0,15,0,Stanley,,https://www.vinted.fr/items/9253929760
"""stanley quencher rose""",Stanley Quencher H2.0,35.0,13,0,Stanley,,https://www.vinted.fr/items/9182984898
"""stanley quencher rose""",Lot 2 Mug stanley the quencher h2.0,55.0,3,0,Stanley,,https://www.vinted.fr/items/9189632928
"""stanley quencher rose""",The Barbie x Stanley Icon Quencher,90.0,53,0,Stanley,,https://www.vinted.fr/items/9218935294
"""stanley quencher rose""",Stanley Quencher Tumbler h2.O rose - neuf dans son emballage,40.0,9,0,Stanley,,https://www.vinted.fr/items/9212409210
"""stanley quencher rose""",Stanley Cup rosa Quencher FlowState Tumbler 1.18L,50.0,47,0,Stanley,,https://www.vinted.fr/items/9109576966
"""stanley quencher rose""",Stanley Quencher H2.0 Tumbler rose 1.18L,49.0,6,0,Stanley,,https://www.vinted.fr/items/9207173027
"""stanley quencher rose""","Stanley cup Quencher H2.0 Tumbler 1,18L – Pastel Roze",48.0,15,0,Stanley,,https://www.vinted.fr/items/9176824193
"""stanley quencher rose""","Stanley x Barbie Quencher 40 oz - 80’s Superstar - fixed price, no bidding",70.0,60,0,Stanley,,https://www.vinted.fr/items/9195769615
"""stanley quencher rose""",Stanley Cup Quencher Barbie,70.0,14,0,Stanley,,https://www.vinted.fr/items/9161228903
"""stanley quencher rose""",Stanley Cup Quencher Barbie,70.0,19,0,Stanley,,https://www.vinted.fr/items/9161190233
"""stanley quencher rose""","Stanley LoveShackFancy Quencher H2.0 FlowState Becher 1,18l",63.0,162,0,Stanley,,https://www.vinted.fr/items/9035341701
"""stanley quencher rose""","Portabottiglie Stanley ""The All Day"" 40 oz Quencher Carry-All - Rose Quartz",40.0,21,0,Stanley,,https://www.vinted.fr/items/8839843482
"""stanley quencher rose""",Stanley x Starbucks Quencher Becher,79.0,32,0,Stanley,,https://www.vinted.fr/items/8942243787
"""stanley quencher rose""",Stanley Quencher H2.0 Tumbler,50.0,17,0,Stanley,,https://www.vinted.fr/items/8849195574
"""stanley quencher rose""","Stanley Quencher H2.0 FlowState 40 oz / 1,18 L –",40.0,2,0,Stanley,,https://www.vinted.fr/items/9032174634
"""stanley quencher rose""",Stanley Quencher H2.0 FlowState Tumbler - 40 OZ (1.18 L) Lichtroze nieuwe met  prijs kaartje,33.99,98,0,Stanley,,https://www.vinted.fr/items/8496471174
"""stanley quencher rose""",Stanley Quencher FlipStraw,12.0,17,0,Stanley,,https://www.vinted.fr/items/8806479597
"""stanley quencher rose""",Stanley quencher,50.0,19,0,Stanley,,https://www.vinted.fr/items/8737335303
"""stanley quencher rose""","Stanley Quencher H2.0 Flowstate Tumbler 0,89L",35.0,3,0,Stanley,,https://www.vinted.fr/items/8807838257
"""stanley quencher rose""",-72% Plateau snack pour gourde Stanley Quencher,5.0,26,0,Accessoires,,https://www.vinted.fr/items/9095751993
"""stanley quencher rose""",All Day Quencher Carry-All Stanley,28.0,68,0,Stanley,,https://www.vinted.fr/items/8386835192
"""stanley quencher rose""",Stanley Messi Quencher ProTour Flip Straw Tumbler,75.0,19,0,Stanley,,https://www.vinted.fr/items/8822346386
"""stanley quencher rose""",-72% Plateau snack pour gourde Stanley quencher H2.0,5.0,6,0,Accessories,,https://www.vinted.fr/items/9095139096
"""stanley quencher rose""",Gobelet Stanley Quencher H2.O FlowState (0.89L / 30oz)  Neuf,50.0,14,0,Stanley,,https://www.vinted.fr/items/8749828029
"""stanley quencher rose""",Stanley cup Quencher rose quartz H2.O Flowstate,35.0,37,0,Stanley,,https://www.vinted.fr/items/8398887051
"""stanley quencher rose""",Stanley Quencher H2.0 Tumbler,40.0,49,0,Stanley,,https://www.vinted.fr/items/8529623232
"""stanley quencher rose""",Termo. Quencher H2.0 Tumbler.,30.0,8,0,Stanley,,https://www.vinted.fr/items/8471871813
"""stanley quencher rose""",Stanley Quencher H2.0 Flowstate Trinkflasche,30.0,103,0,Stanley,,https://www.vinted.fr/items/7149326630
"""stanley quencher rose""",Stanley quencher H2.0 Tumbler 1.18L,47.5,1,0,Stanley,,https://www.vinted.fr/items/8405073915
"""stanley quencher rose""",Stanley Quencher 40oz Strawberry Twist - tumbler - drinkbeker,100.0,3,0,Stanley,,https://www.vinted.fr/items/8382939819
"""stanley quencher rose""","Stanley LoveShackFancy Becher Quencher 0,59 Neu&OVP",87.0,31,0,Stanley,,https://www.vinted.fr/items/7270375614
"""stanley quencher rose""","Stanley - The Quencher H2.0 Flowstate Tumbler | 1,2L",32.0,15,0,Stanley,,https://www.vinted.fr/items/8295440305
"""stanley quencher rose""",Stanley quencher h2.0 1.2L rose quartz,30.0,1,0,Stanley,,https://www.vinted.fr/items/8219147683
"""stanley quencher rose""",Stanley Quencher,35.0,3,0,Stanley,,https://www.vinted.fr/items/7105381357
"""stanley quencher rose""",Stanley Quencher rosa 1.12L+ funda protectora incluida 💗,40.0,23,0,Stanley,,https://www.vinted.fr/items/8150876481
"""stanley quencher rose""",Stanley quencher 40oz,60.0,17,0,Stanley,,https://www.vinted.fr/items/7944657483
"""stanley quencher rose""","Stanley Quencher H2.0 Tumbler – 40 oz / 1,18 L",45.0,34,0,Stanley,,https://www.vinted.fr/items/8045973570
"""stanley quencher rose""","Stanley Quencher H2.0 Flowstate tumbler Rose Quartz 1,18 lt.",35.0,33,0,Stanley,,https://www.vinted.fr/items/6585659750
"""stanley quencher rose""",Stanley Quencher H2.0 Flowstate Tumbler,45.0,51,0,Stanley,,https://www.vinted.fr/items/4796011350
"""stanley quencher rose""",Stanley Rosaquartz Quencher H2.0 FlowState Tumbler | 1.18L,34.0,7,0,Stanley,,https://www.vinted.fr/items/7492595695
"""stanley quencher rose""",Stanley Cup Quencher Tiedye Peach Trinkbecher Flasche 1.2L,79.0,180,0,Stanley,,https://www.vinted.fr/items/4501466398
"""stanley quencher rose""",Stanley Quencher FlowState Tumbler 1.18L,30.0,13,0,Stanley,,https://www.vinted.fr/items/7526304120
"""stanley quencher rose""",Stanley 1913 x LoveShackFancy Quencher H2.0 FlowState Tumbler | 1.18L,100.0,13,0,Stanley,,https://www.vinted.fr/items/7629124389
"""stanley quencher rose""",Stanley Flowstate Quencher 1.2L Tumbler,100.0,18,0,Stanley,,https://www.vinted.fr/items/4116755362
"""stanley quencher rose""",Stanley Quencher H2.0 Flowstate Tumbler,37.0,14,0,Stanley,,https://www.vinted.fr/items/7045644498
"""stanley quencher rose""",Nieuwe quencher met rietje,10.0,6,0,Quencher,,https://www.vinted.fr/items/6053455197
"""stanley quencher rose""","1,2 Liter Quencher der limitierten Kollektion Barbie 70s Superstar der Marke Stanley",70.0,34,0,Stanley,,https://www.vinted.fr/items/6604352329
"""stanley quencher rose""",Limited Edition Barbie x Stanley Quencher - Roze,90.0,53,0,Stanley,,https://www.vinted.fr/items/6304720241
"""stanley quencher rose""","The Barbie Icon Stanley Quencher 1,2 l",89.0,6,0,Stanley,,https://www.vinted.fr/items/5841515239
"""stanley quencher rose""",Umhängetasche mit Möglichkeit einen Stanley Quencher sicher unterwegs mitzunehmen,30.0,20,0,no name,,https://www.vinted.fr/items/6259760755
"""stanley quencher rose""",Gourde Stanley cup rose 1.18L neuve,36.0,20,0,Stanley,,https://www.vinted.fr/items/9539774126
"""stanley quencher rose""",Stanley cup rose complètement neuve,40.0,3,0,Stanley,,https://www.vinted.fr/items/9538507001
"""stanley quencher rose""",Stanley gourde,33.0,9,0,Stanley,,https://www.vinted.fr/items/9536475841
"""stanley quencher rose""",Stanley pro Tour,45.0,20,0,Stanley,,https://www.vinted.fr/items/9529971861
"""stanley quencher rose""",Stanley 40 oz- Rosa,30.0,17,0,Stanley,,https://www.vinted.fr/items/9525622670
"""stanley quencher rose""",stanley tumbler abzugeben,65.0,85,0,Stanley,,https://www.vinted.fr/items/9523933606
"""stanley quencher rose""",Borraccia Stanley,35.0,27,0,Stanley,,https://www.vinted.fr/items/9519185717
"""stanley quencher rose""",Stanley Barbie,85.0,1,0,Stanley,,https://www.vinted.fr/items/9514646165
"""stanley quencher rose""",Stanley Cup 🩷,34.9,25,0,Stanley,,https://www.vinted.fr/items/9512133349
"""stanley quencher rose""",Plateau à snacks en silicone pour Stanley Cup 40 oz + accessoires – Neuf,2.0,4,0,Inconnu,,https://www.vinted.fr/items/9520258474
"""stanley quencher rose""",Stanley Cup Starbucks Edition,45.0,7,0,Stanley,,https://www.vinted.fr/items/9488403058
"""stanley quencher rose""",Stanley Clutch Bottle 473ml,45.0,28,0,Stanley,,https://www.vinted.fr/items/9488486722
"""stanley quencher rose""",Stanley x Starbucks,50.0,18,0,Stanley,,https://www.vinted.fr/items/9487042875
"""stanley quencher rose""",Madeleine Midi Backpack Soft Cooler | 14L,55.0,20,0,Stanley,,https://www.vinted.fr/items/9487626083
"""stanley quencher rose""",Catenella / Manico con Perline Rosa per Borraccia tipo Stanley Cup,10.0,11,0,Stanley,,https://www.vinted.fr/items/9486576047
"""stanley quencher rose""",Gourde Stanley,39.0,60,0,Stanley,,https://www.vinted.fr/items/9467707184
"""stanley quencher rose""",Stanley LoveShackFancy,45.0,78,0,Stanley,,https://www.vinted.fr/items/9475068514
"""stanley quencher rose""",Gourde Stanley,40.0,5,0,Stanley,,https://www.vinted.fr/items/9478677541
"""stanley quencher rose""",Stanley tumbler 30oz,30.0,33,0,Stanley,,https://www.vinted.fr/items/9472359605
"""stanley quencher rose""",Stanley cup,29.99,25,0,Stanley,,https://www.vinted.fr/items/9469842744
"""stanley quencher rose""","Stanley Becher Stacking Tumbler 16 oz - 0,47 L",25.5,63,0,Stanley,,https://www.vinted.fr/items/9457273909
"""stanley quencher rose""",Gourde Stanley,40.0,5,0,Stanley,,https://www.vinted.fr/items/9467331153
"""stanley quencher rose""",Stanley Cup -LoveShackFancy - 1.18 L,70.0,127,0,Stanley,,https://www.vinted.fr/items/9451404898
"""stanley quencher rose""",Gourde Stanley,35.0,5,0,Stanley,,https://www.vinted.fr/items/9446876867
"""stanley quencher rose""",Stanley Cup Limited Edition,45.0,51,0,Stanley,,https://www.vinted.fr/items/9443745840
"""stanley quencher rose""",Stanley *Limited Edition*,55.55,24,0,Stanley,,https://www.vinted.fr/items/9432812035
"""stanley quencher rose""",Stanley Cup,45.0,2,0,Stanley,,https://www.vinted.fr/items/9434277661
"""stanley quencher rose""",Gourde de vélo portable grande capacité et étanche,80.0,3,0,Stanley,,https://www.vinted.fr/items/9429643890
"""stanley quencher rose""",Stabley Cup Thumbler,30.0,29,0,Stanley,,https://www.vinted.fr/items/9424934396
"""stanley quencher rose""",Stanley,25.0,26,0,Stanley,,https://www.vinted.fr/items/9415548899
"""stanley quencher rose""",borraccia Stanley rosa cipria 1.18L,40.0,30,0,Stanley,,https://www.vinted.fr/items/9362474021
"""stanley quencher rose""",Stanley Becher Limited Edition,45.0,8,0,Stanley,,https://www.vinted.fr/items/9383150040
"""stanley quencher rose""",Lot 4 accessoires pour Stanley,1.5,5,0,Accessoires,,https://www.vinted.fr/items/9395578117
"""stanley quencher rose""",Gourde Stanley Rose 40oz,60.0,0,0,Stanley,,https://www.vinted.fr/items/9341967277
"""stanley quencher rose""",Gourde stanley rose pale,60.0,2,0,Stanley,,https://www.vinted.fr/items/9341669686
"""stanley quencher rose""",Stanley,35.0,11,0,Stanley,,https://www.vinted.fr/items/9326832507
"""stanley quencher rose""",Exclusive Starbucks x Stanley Sakura 2026 Japan Edition,110.0,20,0,Stanley,,https://www.vinted.fr/items/9293753372
"""stanley quencher rose""",Stanley Cup Dark Castle,50.0,36,0,Stanley,,https://www.vinted.fr/items/9323235245
"""stanley quencher rose""",Stanley Gourde de sport 1.18L,36.0,70,0,Stanley,,https://www.vinted.fr/items/9256870221
"""stanley quencher rose""",stanley cup,60.0,6,0,Stanley,,https://www.vinted.fr/items/9297827581
"""stanley quencher rose""",Stanley LoveShackFancy Tumbler,70.0,167,0,Stanley,,https://www.vinted.fr/items/9240534108
"""stanley quencher rose""",Gourde Stanley,40.0,53,0,Stanley,,https://www.vinted.fr/items/9202468656
"""stanley quencher rose""",Borraccia Stanley,35.0,46,0,Stanley,,https://www.vinted.fr/items/9149239641
"""stanley quencher rose""",gourde,35.0,15,0,Stanley,,https://www.vinted.fr/items/9197094361
"""stanley quencher rose""",Gourde Stanley rose,45.0,2,0,Stanley,,https://www.vinted.fr/items/9121432878
"""stanley quencher rose""",Mug termico Stanley,35.0,1,0,Stanley,,https://www.vinted.fr/items/9099622365
"""stanley quencher rose""","Lot de deux dessous antidérapant pour Stanley 0,8L",3.99,21,0,Stanley,,https://www.vinted.fr/items/9064046030
"""stanley quencher rose""",Stanley Cherry Blossom,50.0,15,0,Stanley,,https://www.vinted.fr/items/8901729264
"""stanley quencher rose""",Stanley Cup- deckel unbenutzt,23.0,22,0,Stanley,,https://www.vinted.fr/items/9003374643
"""stanley quencher rose""",Stanley Cup Rose 🎀,35.0,13,0,Stanley,,https://www.vinted.fr/items/8841457795
"""stanley quencher rose""",Stanley x Lionel Messi The GOAT Collection – Complete Set,800.0,5,0,Stanley,,https://www.vinted.fr/items/8802283438
"""stanley quencher rose""",Termo vaso Stanley 20 oz / 0.59L,40.0,36,0,Stanley,,https://www.vinted.fr/items/8743379559
"""stanley quencher rose""",Stanley Cup - Tumbler,18.0,101,0,Stanley,,https://www.vinted.fr/items/8340011531
"""stanley quencher rose""",Stanley Cup,40.5,33,0,Stanley,,https://www.vinted.fr/items/8638153024
"""stanley quencher rose""",Cup Stanley rose – très bon état,35.0,17,0,Stanley,,https://www.vinted.fr/items/8595053212
"""stanley quencher rose""",Stanley Cup rosa,45.0,29,0,Stanley,,https://www.vinted.fr/items/8661760615
"""stanley quencher rose""",Stanley Cup,65.0,5,0,Stanley,,https://www.vinted.fr/items/8638005775
"""stanley quencher rose""",Tragetasche Stanley 0.89L,27.0,32,0,Stanley,,https://www.vinted.fr/items/7944064085
"""stanley quencher rose""",Goblet Stanley Barbie,100.0,2,0,Stanley,,https://www.vinted.fr/items/8529184869
"""stanley quencher rose""",gourde stanley,40.0,4,0,Stanley,,https://www.vinted.fr/items/8463337991
"""stanley quencher rose""",Termo Stanley,40.0,61,0,Stanley,,https://www.vinted.fr/items/8367597923
"""stanley quencher rose""",Mug stanley rose quartz,44.99,11,0,Stanley,,https://www.vinted.fr/items/8092329030
"""stanley quencher rose""",Gourde stanley rose,34.9,57,0,Stanley,,https://www.vinted.fr/items/7847889778
"""stanley quencher rose""",Stanley Cup,33.0,19,0,Stanley,,https://www.vinted.fr/items/7103006954
"""stanley quencher rose""",Botella Stanley 1.18,35.0,33,0,Stanley,,https://www.vinted.fr/items/8197164419
"""stanley quencher rose""",Stanley Becher,50.0,22,0,Stanley,,https://www.vinted.fr/items/8134290955
"""stanley quencher rose""",Stanley by Barbie,80.0,38,0,Stanley,,https://www.vinted.fr/items/6157571028
"""stanley quencher rose""",Stanley grande Rosa,35.0,45,0,Stanley,,https://www.vinted.fr/items/7659471243
"""stanley quencher rose""",Drink beker,50.0,17,0,Stanley,,https://www.vinted.fr/items/7548952502
"""stanley quencher rose""",Stanley cup 40 Oz rose,55.0,92,0,Stanley,,https://www.vinted.fr/items/7350572457
"""stanley quencher rose""",Termo bicchiere Stanley per liquidi caldi e freddi,25.0,87,0,Stanley,,https://www.vinted.fr/items/6568703215
"""stanley quencher rose""",Stanley Cup Tragetasche u Quench,15.0,15,0,Amazon,,https://www.vinted.fr/items/7958782617
"""stanley quencher rose""",Stanley barbie,120.0,16,0,Stanley,,https://www.vinted.fr/items/6862465570
"""stanley quencher rose""",Borraccia stanley,75.0,31,0,Stanley,,https://www.vinted.fr/items/6641121514
"""stanley quencher rose""",Tasse Stanley,35.0,31,0,Stanley,,https://www.vinted.fr/items/6432503504
"""stanley quencher rose""",Ijsblokjesvorm voor Stanley,5.0,21,0,Normal,,https://www.vinted.fr/items/8118456954
"""stanley quencher rose""",Sangle de transport pour Stanley Cup,10.0,8,0,Amazon,,https://www.vinted.fr/items/6458119558
"""stanley quencher rose""",Gobelet Stanley rose personnalisé avec paille,60.0,18,0,Stanley,,https://www.vinted.fr/items/9448464298
"""stanley quencher rose""",Stanley Quencher violet à motifs roses – neuf,55.0,47,0,Stanley,,https://www.vinted.fr/items/9443747333
"""stanley quencher rose""",Stanley IceFlow Cup,38.0,38,0,Stanley,,https://www.vinted.fr/items/9414542146
"""stanley quencher rose""",Quencher ProTour Flip Straw Tumbler | 1.18L | Cream Rose Gold,35.0,51,0,Stanley,,https://www.vinted.fr/items/9392133019
"""stanley quencher rose""","Stanley Quencher H2.O FlowState 1,18L - Colore Cream",35.0,25,0,Stanley,,https://www.vinted.fr/items/9146936316
"""stanley quencher rose""",Stanley Cup édition limitée – Tumbler avec poignée et paille – Rose/Violet,40.0,17,0,Stanley,,https://www.vinted.fr/items/8689579353
"""stanley quencher rose""",Tragetasche mit becher,3.0,3,0,,,https://www.vinted.fr/items/8639342958
