id,title,price,created_at_ts,first_seen,last_seen,status,disappeared_at,lifespan_hours,hours_tracked,brand,color,variant,offers,offers_seen_at
9524603911,"Stanley Quencher 1,18 L – Rose fuchsia",20.0,,2026-07-29 17:33:07,2026-07-29 17:33:07,disappeared,2026-07-31 13:35:35,,44.0,Stanley,,40oz pink,,
9524567083,"Stanley cup beker quencher h2.0 tumbler ( roze 1,18 liter 40 oz",32.0,,2026-07-29 17:33:07,2026-07-29 17:33:07,disappeared,2026-07-31 13:35:35,,44.0,Stanley,,40oz pink,,
9524441220,"Stanley Quencher H2.0 FlowState 1,18 L (40 oz) Rose – Neuf",32.0,,2026-07-29 17:33:07,2026-07-29 17:33:07,disappeared,2026-07-31 13:35:35,,44.0,Stanley,,40oz pink,,
9522870195,The Barbie x Stanley Icon Quencher,49.0,1785418561,2026-07-29 17:33:07,2026-07-31 15:45:26,active,,,,Stanley,Fuchsia,,,
9522075061,Stanley Becherhalter für 40 oz Quencher mit Schultergurt – Rosa – Neu (Becher ni,18.0,1785332163,2026-07-29 17:33:07,2026-07-31 15:45:26,active,,,,Stanley,Rose,40oz pink,,
9521400497,Stanley Thermobecher the Quencher H2.0 880ml,30.0,,2026-07-29 17:33:07,2026-07-29 17:33:07,disappeared,2026-07-31 13:35:35,,44.0,Stanley,,,,
9521151238,"Stanley Cup / Becher Quencher H2.0 FlowState Tumbler 40oz (1,18L)",34.0,,2026-07-29 17:33:07,2026-07-29 17:33:07,disappeared,2026-07-31 13:35:35,,44.0,Stanley,,,,
9519226575,"Stanley quencher H2.0 tumbler 1,18 liter roze",35.0,1785332163,2026-07-29 17:33:07,2026-07-31 15:45:26,active,,,,Stanley,Fuchsia,,6,2026-07-31 13:36:04
9516344250,Stanley Quencher H2.0,40.0,1785332162,2026-07-29 17:33:07,2026-07-31 15:45:26,active,,,,Stanley,Corail,,,
9514285206,"Stanley Quencher H2.0 40 oz (1,18 l) Neu",48.0,1785332161,2026-07-29 17:33:07,2026-07-31 15:45:26,active,,,,Stanley,Beige,40oz cream,,
9513077141,🌸Stanley Quencher H2.0 Tumber🌸,28.0,1785245770,2026-07-29 17:33:07,2026-07-31 15:45:26,active,,,,Stanley,Rose,,8,2026-07-31 13:36:12
9507542821,"Stanley The Quencher ProTour Flip Straw Tumbler | 1,2L",37.0,1785245777,2026-07-29 17:33:07,2026-07-31 15:45:26,active,,,,Stanley,Rose,40oz pink,0,2026-07-31 13:36:18
9506100575,"Stanley x Barbie Quencher 1,2 l",90.0,1785245775,2026-07-29 17:33:07,2026-07-31 15:45:26,active,,,,Stanley,Fuchsia,40oz pink,0,2026-07-31 13:36:16
9510043438,Stanley Quencher H2.0 Tumbler,28.0,1785245776,2026-07-29 17:33:07,2026-07-31 15:45:26,active,,,,Stanley,Rose,,0,2026-07-31 13:36:16
9503250224,Stanley Quencher H2.0 FlowState Rose quartz,10.0,1785159376,2026-07-29 17:33:07,2026-07-31 15:45:26,active,,,,Stanley,Rose,,0,2026-07-31 13:36:17
9501895765,"Stanley De All-Day Quencher® Carry-All crossbodytas voor 1,18 liter thermofles",22.5,1785159380,2026-07-29 17:33:07,2026-07-31 14:47:16,disappeared,2026-07-31 15:17:23,97.7,45.7,Stanley,Rose,,3,2026-07-31 13:36:21
9511817851,"Stanley x LoveShackFancy Quencher H2.0 1,18 L – Édition limitée – Neuve",55.0,1785266719,2026-07-29 17:33:07,2026-07-29 17:33:07,disappeared,2026-07-31 13:35:35,66.2,44.0,LoveShackFancy,,,0,2026-07-29 19:25:19
9499816209,Termo Stanley 1913 Quencher,20.0,1785159383,2026-07-29 17:33:07,2026-07-31 15:45:26,active,,,,Stanley,Fuchsia,,0,2026-07-31 13:36:25
9497283152,Quencher H2.0 Stanley,35.0,1785159384,2026-07-29 17:33:07,2026-07-31 15:45:26,active,,,,Stanley,Fuchsia,,0,2026-07-31 13:36:25
9497401009,"Stanley Cup x Barbie Quencher 40oz 1,2L '80s Dynamite Limited Edition",60.0,1785159387,2026-07-29 17:33:07,2026-07-31 15:45:26,active,,,,Stanley,Fuchsia,40oz pink,0,2026-07-31 13:36:27
9493304802,The Barbie Stanley Icon Quencher 1.18L,50.0,1785072987,2026-07-29 17:33:07,2026-07-31 15:45:26,active,,,,Stanley,Fuchsia,40oz pink,0,2026-07-31 13:36:28
9487937016,The Barbie x Stanley Icon Quencher,49.0,1785077267,2026-07-29 17:33:07,2026-07-31 15:45:26,active,,,,Stanley,Fuchsia,,4,2026-07-31 14:47:49
9486166767,Stanley Quencher Tumbler | 1.18L,40.0,1784986666,2026-07-29 17:33:07,2026-07-31 15:45:26,active,,,,Stanley,Rose,40oz pink,0,2026-07-31 13:37:47
9467848575,Termo Stanley Quencher H2.0,26.0,,2026-07-29 17:33:07,2026-07-29 17:33:07,disappeared,2026-07-31 13:35:35,,44.0,Stanley,,,,
9479638408,Stanley Quencher,33.0,,2026-07-29 17:33:07,2026-07-29 17:33:07,disappeared,2026-07-31 13:35:35,,44.0,Stanley,,,,
9471080567,Stanley Quencher H2.0 40oz Tumbler Rose Rosa,45.0,1784900266,2026-07-29 17:33:07,2026-07-31 15:45:26,active,,,,Stanley,Rose,40oz pink,0,2026-07-31 13:37:47
9466868000,"Borraccia termica Stanley Quencher 40oz / 1,18L LoveShackFancy rosa",58.0,1784900267,2026-07-29 17:33:07,2026-07-31 15:45:26,active,,,,Stanley,Rose,40oz pink,0,2026-07-31 13:37:47
9452776188,"Stanley Cup Quencher H2.0 Tumbler 1,18 L",40.0,1784900265,2026-07-29 17:33:07,2026-07-31 15:45:26,active,,,,Stanley,Fuchsia,40oz pink,0,2026-07-31 13:37:46
9463110452,Stanley Quencher H2.0 FlowState Tumbler,30.0,1784900270,2026-07-29 17:33:07,2026-07-31 15:45:26,active,,,,Stanley,Rose,,0,2026-07-31 13:37:51
9459323679,Stanley Quencher Flowstate H2.0 NEU,45.0,,2026-07-29 17:33:07,2026-07-29 17:33:07,disappeared,2026-07-31 13:35:35,,44.0,Stanley,,,,
9460127437,Stanley Quencher Flip Straw,50.0,1784904467,2026-07-29 17:33:07,2026-07-31 15:45:26,active,,,,Stanley,Rose,,0,2026-07-31 14:47:49
9446923155,"🌸🔥Stanley Quencher H2.0 FlowState 40oz (1,18L) Rose Quartz nuova",40.0,1784900284,2026-07-29 17:33:07,2026-07-31 15:45:26,active,,,,Stanley,Rose,40oz pink,,
9447269477,"Stanley De All-Day Quencher® Carry-All crossbodytas voor 1,18 liter thermofles",21.0,,2026-07-29 17:33:07,2026-07-29 17:33:07,disappeared,2026-07-31 13:35:35,,44.0,Stanley,,,,
9453615121,Gourde 🥤 Stanley Quencher,32.0,1784904467,2026-07-29 17:33:07,2026-07-31 15:45:26,active,,,,Stanley,Menthe,,,
9446254476,"Gobelet Stanley Quencher personnalisé rose 1,18 L",50.0,1784904468,2026-07-29 17:33:07,2026-07-31 15:45:26,active,,,,Stanley,Fuchsia,40oz pink,,
9437179856,"Stanley Quencher H2.0 FlowState 1,18 L Trinkbecher Rosa Pink mit Strohhalm",26.0,,2026-07-29 17:33:07,2026-07-29 17:33:07,disappeared,2026-07-31 13:35:35,,44.0,Stanley,,40oz pink,,
9445353260,Stanley 40 oz quencher carry all,25.0,1784900285,2026-07-29 17:33:07,2026-07-31 15:45:26,active,,,,Stanley,Rose,40oz pink,,
9446096335,Stanley x LoveShackFancy Quencher,60.0,,2026-07-29 17:33:07,2026-07-29 17:33:07,disappeared,2026-07-31 13:35:35,,44.0,Stanley,,,,
9437429036,rosa stanley tumbler Quencher,25.0,1784900291,2026-07-29 17:33:07,2026-07-31 15:45:26,active,,,,Stanley,Rose,,0,2026-07-31 13:38:12
9433626496,Stanley x LoveShackFancy Quencher – Limited Edition,60.0,1784900374,2026-07-29 17:33:07,2026-07-31 15:45:26,active,,,,Stanley,Rose,,0,2026-07-31 13:39:36
9435329038,Stanley quencher,40.0,,2026-07-29 17:33:07,2026-07-29 17:33:07,disappeared,2026-07-31 13:35:35,,44.0,Stanley,,,,
9439484026,"Gourde Stanley Quencher rose clair 1,2L",40.0,1784900374,2026-07-29 17:33:07,2026-07-31 15:45:26,active,,,,Stanley,Rose,40oz pink,0,2026-07-31 13:39:35
9427162975,Termo stanley quencher 1.2 l fuchsia nuevo,33.0,1784900374,2026-07-29 17:33:07,2026-07-31 15:45:26,active,,,,Stanley,Fuchsia,40oz pink,0,2026-07-31 13:39:35
9413103485,Gourde Stanley H2.0 40 oz 1.18L Neuve,35.0,1784299667,2026-07-29 17:33:07,2026-07-31 15:45:26,active,,,,Stanley,Fuchsia,40oz pink,0,2026-07-31 14:47:49
9413160376,Gourde Stanley H2.0 40 oz 1.18L Neuve,35.0,1784295572,2026-07-29 17:33:07,2026-07-31 15:45:26,active,,,,Stanley,Rose,40oz pink,0,2026-07-31 13:39:33
9413300032,Stanley Quencher 1.2L in Rose Quartz,30.0,1784295578,2026-07-29 17:33:07,2026-07-31 15:45:26,active,,,,Stanley,Rose,40oz pink,0,2026-07-31 13:39:39
9355712244,Stanley Quencher H2.0,30.0,,2026-07-29 17:33:07,2026-07-29 17:33:07,disappeared,2026-07-31 13:35:35,,44.0,Stanley,,,,
9388035029,Quencher stanley 1.18l straw,35.0,1784301461,2026-07-29 17:33:07,2026-07-31 15:45:26,active,,,,Stanley,Rose,40oz pink,0,2026-07-31 15:17:42
9395534989,Stanley The Flowstate Quencher Tumbler,40.0,1784295588,2026-07-29 17:33:07,2026-07-31 15:45:26,active,,,,Stanley,Rose,,,
9368664818,"Stanley Quencher Tumbler Neon pink 1,18 l neu",44.0,1784295591,2026-07-29 17:33:07,2026-07-31 15:45:26,active,,,,Stanley,Fuchsia,40oz pink,0,2026-07-31 13:39:52
9390471271,Stanley Quencher,48.0,1784295592,2026-07-29 17:33:07,2026-07-31 15:45:26,active,,,,Stanley,Rose,,0,2026-07-31 13:39:53
9365425439,Stanley 1913 Quencher H2.0 FlowState Tumbler 0.89L,29.0,1783690792,2026-07-29 17:33:07,2026-07-31 15:45:26,active,,,,Stanley,Rose,30oz pink,0,2026-07-31 13:39:54
9350218070,"Stanley Quencher Tumbler 1,2 L Pink mit Strohhalm – sehr guter Zustand",39.0,1783690794,2026-07-29 17:33:07,2026-07-31 15:45:26,active,,,,Stanley,Fuchsia,40oz pink,0,2026-07-31 13:39:56
9354008857,Vaso Térmico Stanley Quencher 1.2L (40oz) Con Asa - Rosa,40.0,1783690798,2026-07-29 17:33:07,2026-07-31 15:45:26,active,,,,Stanley,Rose,40oz pink,0,2026-07-31 13:39:59
9293873384,Stanley Quencher- 0.89 l Orangecream,25.0,1783091862,2026-07-29 17:33:07,2026-07-31 15:45:26,active,,,,Stanley,Rose,30oz pink,0,2026-07-31 15:17:43
9347857097,Vaso Térmico Stanley Quencher H2.0 FlowState (40oz / 1.18L),30.0,1783690876,2026-07-29 17:33:07,2026-07-31 15:45:26,active,,,,Stanley,Blanc,40oz white,,
9284119951,"Stanley Quencher H2.0 1,18 l (40 oz) Fuchsia – Neu mit Etikett",38.0,1783690877,2026-07-29 17:33:07,2026-07-31 15:45:26,active,,,,Stanley,Fuchsia,40oz pink,,
9277216630,Stanley Quencher H2.0 1.18L (40oz) Rosa,30.0,1783093561,2026-07-29 17:33:07,2026-07-31 15:45:26,active,,,,Stanley,Rose,40oz pink,0,2026-07-31 15:46:02
9286034835,Stanley Quencher FlowState H2.0,30.0,1783086077,2026-07-29 17:33:07,2026-07-31 15:45:26,active,,,,Stanley,Gris,,,
9256653658,Stanley Quencher H2.0 Flowstate Tumbler thermosfles 1.18 L,37.99,1782485295,2026-07-29 17:33:07,2026-07-31 15:45:26,active,,,,Stanley,Rose,40oz pink,0,2026-07-31 14:48:18
9258501531,Quencher H2.O tumbler pink,30.0,1782481289,2026-07-29 17:33:07,2026-07-31 15:45:26,active,,,,Stanley,Fuchsia,,,
9275438235,Stanley The Flowstate Quencher H2.0 Tumbler,40.0,1783086089,2026-07-29 17:33:07,2026-07-31 15:45:26,active,,,,Stanley,Rose,,,
9253929760,Quencher H2.0 FlowState Tumbler | 0.89L/30oz,70.0,1782481291,2026-07-29 17:33:07,2026-07-31 15:45:26,active,,,,Stanley,Lila,30oz purple,0,2026-07-31 13:41:32
9248779161,Vaso térmico Stanley Quencher Frigo,32.0,1782481292,2026-07-29 17:33:07,2026-07-31 15:45:26,active,,,,Stanley,Fuchsia,,0,2026-07-31 13:41:33
9218935294,The Barbie x Stanley Icon Quencher,90.0,1782481299,2026-07-29 17:33:07,2026-07-31 15:45:26,active,,,,Stanley,Fuchsia,,0,2026-07-31 13:41:40
9182984898,Stanley Quencher H2.0,35.0,1781876576,2026-07-29 17:33:07,2026-07-31 15:45:26,active,,,,Stanley,Fuchsia,,0,2026-07-31 13:42:57
9189632928,Lot 2 Mug stanley the quencher h2.0,55.0,1781876501,2026-07-29 17:33:07,2026-07-31 15:45:26,active,,,,Stanley,Crème,,0,2026-07-31 13:41:42
9212409210,Stanley Quencher Tumbler h2.O rose - neuf dans son emballage,40.0,1782481302,2026-07-29 17:33:07,2026-07-31 15:45:26,active,,,,Stanley,Rose,,0,2026-07-31 13:41:43
9109576966,Stanley Cup rosa Quencher FlowState Tumbler 1.18L,50.0,1781271766,2026-07-29 17:33:07,2026-07-31 15:45:26,active,,,,Stanley,Rose,40oz pink,0,2026-07-31 13:42:47
9176824193,"Stanley cup Quencher H2.0 Tumbler 1,18L – Pastel Roze",48.0,1781880495,2026-07-29 17:33:07,2026-07-31 15:45:26,active,,,,Stanley,Rose,40oz pink,0,2026-07-31 14:48:17
9207173027,Stanley Quencher H2.0 Tumbler rose 1.18L,49.0,1781876576,2026-07-29 17:33:07,2026-07-31 15:45:26,active,,,,Stanley,Rose,40oz pink,0,2026-07-31 13:42:58
9195769615,"Stanley x Barbie Quencher 40 oz - 80’s Superstar - fixed price, no bidding",70.0,1781876572,2026-07-29 17:33:07,2026-07-31 15:45:26,active,,,,Stanley,Fuchsia,40oz pink,,
9107521162,Stanley Quencher 40oz rosa/pink | H2.0 FlowState Tumbler mit Strohhalm,35.0,1781271780,2026-07-29 17:33:07,2026-07-31 15:45:26,active,,,,Stanley,Rose,40oz pink,0,2026-07-31 13:43:01
9161190233,Stanley Cup Quencher Barbie,70.0,1781883960,2026-07-29 17:33:07,2026-07-31 15:45:26,active,,,,Stanley,Fuchsia,,0,2026-07-31 15:46:02
9161228903,Stanley Cup Quencher Barbie,70.0,1781876596,2026-07-29 17:33:07,2026-07-31 15:45:26,active,,,,Stanley,Fuchsia,,0,2026-07-31 13:43:18
9130543260,Stanley Quencher Tumbler rosa/pink mit Strohhalm,30.0,1781271797,2026-07-29 17:33:07,2026-07-31 15:45:26,active,,,,Stanley,Rose,,0,2026-07-31 13:43:19
9035341701,"Stanley LoveShackFancy Quencher H2.0 FlowState Becher 1,18l",63.0,1780666996,2026-07-29 17:33:07,2026-07-31 15:45:26,active,,,,Stanley,Blanc,40oz white,0,2026-07-31 13:43:18
9032174634,"Stanley Quencher H2.0 FlowState 40 oz / 1,18 L –",40.0,1780321399,2026-07-29 17:33:07,2026-07-31 15:45:26,active,,,,Stanley,Rose,40oz pink,0,2026-07-31 13:43:20
8806479597,Stanley Quencher FlipStraw,12.0,1780321399,2026-07-29 17:33:07,2026-07-31 15:45:26,active,,,,Stanley,Rose,,0,2026-07-31 13:43:20
8942243787,Stanley x Starbucks Quencher Becher,79.0,1780321471,2026-07-29 17:33:07,2026-07-31 15:45:26,active,,,,Stanley,Fuchsia,,0,2026-07-31 13:44:32
8916604297,"Stanley Quencher 1,18 L Pink – wie neu",39.0,1780321404,2026-07-29 17:33:07,2026-07-31 15:45:26,active,,,,Stanley,Fuchsia,40oz pink,0,2026-07-31 13:43:25
8839843482,"Portabottiglie Stanley ""The All Day"" 40 oz Quencher Carry-All - Rose Quartz",40.0,1780327061,2026-07-29 17:33:07,2026-07-31 15:45:26,active,,,,Stanley,Rose,40oz pink,0,2026-07-31 15:17:42
8737335303,Stanley quencher,50.0,1777729480,2026-07-29 17:33:07,2026-07-31 15:45:26,active,,,,Stanley,Rose,,,
8496471174,Stanley Quencher H2.0 FlowState Tumbler - 40 OZ (1.18 L) Lichtroze nieuwe met  p,33.99,1775141309,2026-07-29 17:33:07,2026-07-31 15:45:26,active,,,,Stanley,Rose,40oz pink,,
8874287243,Stanley Quencher Becher H2.0 1.2liter Trinkbecher Pfingstrose Tumbler pink Therm,59.0,1780327065,2026-07-29 17:33:07,2026-07-31 15:45:26,active,,,,Stanley,Fuchsia,,0,2026-07-31 15:17:46
8849195574,Stanley Quencher H2.0 Tumbler,50.0,1780321484,2026-07-29 17:33:07,2026-07-31 15:45:26,active,,,,Stanley,Rose,,0,2026-07-31 13:44:45
8386835192,All Day Quencher Carry-All Stanley,28.0,1775144761,2026-07-29 17:33:07,2026-07-31 15:45:26,active,,,,Stanley,Rose,,0,2026-07-31 15:46:02
9095751993,-72% Plateau snack pour gourde Stanley Quencher,5.0,1781271896,2026-07-29 17:33:07,2026-07-31 15:45:26,active,,,,Accessoires,Rose,,0,2026-07-31 13:44:57
8807838257,"Stanley Quencher H2.0 Flowstate Tumbler 0,89L",35.0,1780321496,2026-07-29 17:33:07,2026-07-31 15:45:26,active,,,,Stanley,Fuchsia,30oz pink,0,2026-07-31 13:44:58
8822346386,Stanley Messi Quencher ProTour Flip Straw Tumbler,75.0,1780321496,2026-07-29 17:33:07,2026-07-31 15:45:26,active,,,,Stanley,Rose,,0,2026-07-31 13:44:57
8749828029,Gobelet Stanley Quencher H2.O FlowState (0.89L / 30oz)  Neuf,50.0,1777729498,2026-07-29 17:33:07,2026-07-31 15:45:26,active,,,,Stanley,Rose,30oz pink,0,2026-07-31 13:44:59
9095139096,-72% Plateau snack pour gourde Stanley quencher H2.0,5.0,1781271902,2026-07-29 17:33:07,2026-07-31 15:45:26,active,,,,Accessories,Crème,,0,2026-07-31 13:45:03
8398887051,Stanley cup Quencher rose quartz H2.O Flowstate,35.0,1775137505,2026-07-29 17:33:07,2026-07-31 15:45:26,active,,,,Stanley,Rose,,0,2026-07-31 13:45:06
8471871813,Termo. Quencher H2.0 Tumbler.,30.0,1775137505,2026-07-29 17:33:07,2026-07-31 15:45:26,active,,,,Stanley,Fuchsia,,0,2026-07-31 13:45:06
8529623232,Stanley Quencher H2.0 Tumbler,40.0,1775141330,2026-07-29 17:33:07,2026-07-31 15:45:26,active,,,,Stanley,Rose,,0,2026-07-31 14:48:51
7149326630,Stanley Quencher H2.0 Flowstate Trinkflasche,30.0,1759589332,2026-07-29 17:33:07,2026-07-31 15:45:26,active,,,,Stanley,Rose,,4,2026-07-31 14:48:53
8437679757,Stanley Quencher 40oz Spellcast Pink halloween,100.0,1775137580,2026-07-29 17:33:07,2026-07-31 15:45:26,active,,,,Stanley,Rose,40oz pink,0,2026-07-31 13:46:21
8405073915,Stanley quencher H2.0 Tumbler 1.18L,47.5,1775137580,2026-07-29 17:33:07,2026-07-31 15:45:26,active,,,,Stanley,Fuchsia,40oz pink,0,2026-07-31 13:46:21
8382939819,Stanley Quencher 40oz Strawberry Twist - tumbler - drinkbeker,100.0,1775141332,2026-07-29 17:33:07,2026-07-31 15:45:26,active,,,,Stanley,Rose,40oz pink,0,2026-07-31 14:48:53
8219147683,Stanley quencher h2.0 1.2L rose quartz,30.0,1772545589,2026-07-29 17:33:07,2026-07-31 15:45:26,active,,,,Stanley,Rose,40oz pink,0,2026-07-31 13:46:31
8295440305,"Stanley - The Quencher H2.0 Flowstate Tumbler | 1,2L",32.0,1775137588,2026-07-29 17:33:07,2026-07-31 15:45:26,active,,,,Stanley,Rose,40oz pink,0,2026-07-31 13:46:30
7270375614,"Stanley LoveShackFancy Becher Quencher 0,59 Neu&OVP",87.0,1762177590,2026-07-29 17:33:07,2026-07-31 15:45:26,active,,,,Stanley,Fuchsia,,0,2026-07-31 13:46:32
8150876481,Stanley Quencher rosa 1.12L+ funda protectora incluida 💗,40.0,1772545595,2026-07-29 17:33:07,2026-07-31 15:17:23,disappeared,2026-07-31 15:45:26,3602.0,46.2,Stanley,Fuchsia,1.12l pink,0,2026-07-31 13:46:36
8251706061,Stanley Cup Quencher Barbie pink Limited Edition 1.18L,70.0,1772545595,2026-07-29 17:33:07,2026-07-31 15:45:26,active,,,,Stanley,Fuchsia,40oz pink,0,2026-07-31 13:46:36
7105381357,Stanley Quencher,35.0,1759585602,2026-07-29 17:33:07,2026-07-31 15:17:23,disappeared,2026-07-31 15:45:26,7202.0,46.2,Stanley,Fuchsia,,0,2026-07-31 13:46:42
7944657483,Stanley quencher 40oz,60.0,1769953601,2026-07-29 17:33:07,2026-07-31 15:17:23,disappeared,2026-07-31 15:45:26,4322.0,46.2,Stanley,Fuchsia,40oz pink,0,2026-07-31 13:46:42
8045973570,"Stanley Quencher H2.0 Tumbler – 40 oz / 1,18 L",45.0,1769953603,2026-07-29 17:33:07,2026-07-31 15:45:26,active,,,,Stanley,Beige,40oz cream,0,2026-07-31 13:46:44
7814029479,Stanley x Labubu quencher h2.0,55.0,1767361672,2026-07-29 17:33:07,2026-07-31 15:45:26,active,,,,Stanley,Rose,,0,2026-07-31 13:47:53
4796011350,Stanley Quencher H2.0 Flowstate Tumbler,45.0,,2026-07-29 17:33:07,2026-07-31 15:45:26,active,,,,Stanley,Rose,,0,2026-07-31 15:18:02
7801702432,Stanley Quencher FlowState H2.0 - Bicchiere termico borraccia,49.0,1767361674,2026-07-29 17:33:07,2026-07-31 15:45:26,active,,,,Stanley,Fuchsia,,0,2026-07-31 13:47:55
7526304120,Stanley Quencher FlowState Tumbler 1.18L,30.0,1764769674,2026-07-29 17:33:07,2026-07-31 15:45:26,active,,,,Stanley,Rose,40oz pink,0,2026-07-31 13:47:55
4501466398,Stanley Cup Quencher Tiedye Peach Trinkbecher Flasche 1.2L,79.0,,2026-07-29 17:33:07,2026-07-31 15:45:26,active,,,,Stanley,Rose,40oz pink,0,2026-07-31 15:46:02
7426209618,Stanley Quencher H2.0 40oz Floral Limited Edition | LoveShackFancy Collaboration,45.0,1762177682,2026-07-29 17:33:07,2026-07-31 15:45:26,active,,,,Stanley,Fuchsia,40oz pink,0,2026-07-31 13:48:04
7492595695,Stanley Rosaquartz Quencher H2.0 FlowState Tumbler | 1.18L,34.0,,2026-07-29 17:33:07,2026-07-31 15:45:26,active,,,,Stanley,Rose,40oz pink,0,2026-07-31 13:48:05
7377263311,Gobelets Quencher H2.0 FlowState Tumbler | 1.18L,30.0,1762181359,2026-07-29 17:33:07,2026-07-31 15:45:26,active,,,,Stanley,Rose,40oz pink,0,2026-07-31 14:49:22
4116755362,Stanley Flowstate Quencher 1.2L Tumbler,100.0,,2026-07-29 17:33:07,2026-07-31 15:45:26,active,,,,Stanley,Fuchsia,40oz pink,0,2026-07-31 15:18:05
7629124389,Stanley 1913 x LoveShackFancy Quencher H2.0 FlowState Tumbler | 1.18L,100.0,1764775084,2026-07-29 17:33:07,2026-07-31 15:45:26,active,,,,Stanley,Rose,40oz pink,0,2026-07-31 15:18:05
7045644498,Stanley Quencher H2.0 Flowstate Tumbler,37.0,1759585695,2026-07-29 17:33:07,2026-07-31 15:45:26,active,,,,Stanley,Fuchsia,,0,2026-07-31 13:48:16
6604352329,"1,2 Liter Quencher der limitierten Kollektion Barbie 70s Superstar der Marke Sta",70.0,1754401697,2026-07-29 17:33:07,2026-07-31 15:45:26,active,,,,Stanley,Fuchsia,,0,2026-07-31 13:48:18
6053455197,Nieuwe quencher met rietje,10.0,,2026-07-29 17:33:07,2026-07-31 15:45:26,active,,,,Quencher,Rose,,0,2026-07-31 15:46:21
6304720241,Limited Edition Barbie x Stanley Quencher - Roze,90.0,,2026-07-29 17:33:07,2026-07-31 15:45:26,active,,,,Stanley,Fuchsia,,0,2026-07-31 15:18:16
5841515239,"The Barbie Icon Stanley Quencher 1,2 l",89.0,,2026-07-29 17:33:07,2026-07-31 15:45:26,active,,,,Stanley,Fuchsia,40oz pink,0,2026-07-31 15:46:22
6259760755,Umhängetasche mit Möglichkeit einen Stanley Quencher sicher unterwegs mitzunehme,30.0,,2026-07-29 17:33:07,2026-07-31 15:45:26,active,,,,no name,Rose,,0,2026-07-31 15:46:34
8504305689,Stanley Quencher H2.0 FlowState Tumbler Rosa/Lilla,25.0,1781876972,2026-07-29 17:33:07,2026-07-31 13:35:35,disappeared,2026-07-31 14:47:16,1009.0,45.2,Stanley,Noir,,0,2026-07-31 13:49:34
9372412335,"Stanley All Day Quencher Carry-All rose quartz für 1,18 Liter",45.0,1784296169,2026-07-29 17:33:07,2026-07-31 15:45:26,active,,,,Stanley,Rose,,0,2026-07-31 13:49:30
9257792321,Stanley Cup Quencher H2.0 Flowstate,35.0,1782481776,2026-07-29 17:33:07,2026-07-31 15:17:23,disappeared,2026-07-31 15:45:26,841.9,46.2,Stanley,Violet,,0,2026-07-31 13:49:36
6796202466,"Stanley quencher 0,59L",35.0,,2026-07-29 17:33:07,2026-07-31 13:35:35,disappeared,2026-07-31 14:47:16,,45.2,Stanley,,,0,2026-07-31 13:49:42
9524248274,Stanley beker roze 40 OZ,20.0,,2026-07-29 17:33:07,2026-07-29 17:33:07,disappeared,2026-07-31 13:35:35,,44.0,Stanley,,40oz pink,,
9523933606,stanley tumbler abzugeben,75.0,1785419380,2026-07-29 17:33:07,2026-07-31 15:45:26,active,,,,Stanley,Rose,,4,2026-07-31 13:49:41
9523444056,Stanley Cup - auslaufsicher - rosa-pink - sehr guter Zustand,39.0,1785419383,2026-07-29 17:33:07,2026-07-31 15:45:26,active,,,,Stanley,Rose,,0,2026-07-31 13:49:44
9521046750,Stanley Cup isolierte Trinkflasche,28.0,,2026-07-29 17:33:07,2026-07-29 17:33:07,disappeared,2026-07-31 13:35:35,,44.0,Stanley,,,,
9521023225,Stanley Cup isolierte Trinkflasche,35.0,,2026-07-29 17:33:07,2026-07-29 17:33:07,disappeared,2026-07-31 13:35:35,,44.0,Stanley,,,,
9520871099,Pink cup,34.5,,2026-07-29 17:33:07,2026-07-29 17:33:07,disappeared,2026-07-31 13:35:35,,44.0,Stanley,,,,
9519185717,Borraccia Stanley,35.0,1785332984,2026-07-29 17:33:07,2026-07-31 15:45:26,active,,,,Stanley,Rose,,4,2026-07-31 13:49:45
9517705524,Garrafa térmica,55.0,,2026-07-29 17:33:07,2026-07-29 17:33:07,disappeared,2026-07-31 13:35:35,,44.0,Stanley,,,,
9517293326,Stanley cup in pink shade,48.0,1785332987,2026-07-29 17:33:07,2026-07-31 14:47:16,disappeared,2026-07-31 15:17:23,49.5,45.7,Stanley,Rose,,3,2026-07-31 13:49:48
9516673761,Stanley Water Bottle,45.0,,2026-07-29 17:33:07,2026-07-29 17:33:07,disappeared,2026-07-31 13:35:35,,44.0,Stanley,,,,
9512133349,Stanley Cup 🩷,34.9,1785246590,2026-07-29 17:33:07,2026-07-31 15:45:26,active,,,,Stanley,Rose,,0,2026-07-31 13:49:51
9514646165,Stanley Barbie,85.0,1785332990,2026-07-29 17:33:07,2026-07-31 15:45:26,active,,,,Stanley,Fuchsia,,0,2026-07-31 13:49:51
9520258474,Plateau à snacks en silicone pour Stanley Cup 40 oz + accessoires – Neuf,2.0,1785332992,2026-07-29 17:33:07,2026-07-31 15:45:26,active,,,,Inconnu,Rose,40oz pink,0,2026-07-31 13:49:53
9509681629,Stanley - Gourde,30.0,1785246659,2026-07-29 17:33:07,2026-07-31 15:17:23,disappeared,2026-07-31 15:45:26,73.9,46.2,Stanley,Rose,,0,2026-07-31 13:51:00
9502745459,Stanley cup,29.99,,2026-07-29 17:33:07,2026-07-29 17:33:07,disappeared,2026-07-31 13:35:35,,44.0,Stanley,,,,
9493501696,Stanley Cup,59.99,1785073863,2026-07-29 17:33:07,2026-07-31 15:17:23,disappeared,2026-07-31 15:45:26,121.9,46.2,Stanley,Rose,,0,2026-07-31 13:51:04
9500763092,Garrafa Stanley nova,30.0,1785165560,2026-07-29 17:33:07,2026-07-31 15:17:23,disappeared,2026-07-31 15:45:26,96.4,46.2,Stanley,Rose,,0,2026-07-31 15:19:21
9499010994,"Gobelet Stanley rose à motifs Stitch 1,18 L",60.0,1785160259,2026-07-29 17:33:07,2026-07-31 15:45:26,active,,,,Stanley,Rose,40oz pink,0,2026-07-31 13:51:00
9490780371,Stanley Spring Blossom,45.0,,2026-07-29 17:33:07,2026-07-29 17:33:07,disappeared,2026-07-31 13:35:35,,44.0,Stanley,,,,
9490078005,Stanley drinkbeker,29.5,,2026-07-29 17:33:07,2026-07-29 17:33:07,disappeared,2026-07-31 13:35:35,,44.0,Stanley,,,,
9487042875,Stanley x Starbucks,50.0,1784987463,2026-07-29 17:33:07,2026-07-31 15:45:26,active,,,,Stanley,Fuchsia,,0,2026-07-31 13:51:04
9487626083,Madeleine Midi Backpack Soft Cooler | 14L,55.0,1785073864,2026-07-29 17:33:07,2026-07-31 15:45:26,active,,,,Stanley,Rose,14.0l pink,0,2026-07-31 13:51:05
9486576047,Catenella / Manico con Perline Rosa per Borraccia tipo Stanley Cup,10.0,1784987471,2026-07-29 17:33:07,2026-07-31 15:45:26,active,,,,Stanley,Rose,,0,2026-07-31 13:51:12
9467707184,Gourde Stanley,39.0,1784901071,2026-07-29 17:33:07,2026-07-31 15:45:26,active,,,,Stanley,Rose,,0,2026-07-31 13:51:12
9486402730,Cover Tappini in Silicone per Cannuccia – Compatibili con Stanley Cup e Borracce,7.0,1784987475,2026-07-29 17:33:07,2026-07-31 15:45:26,active,,,,Stanley,Rose,,0,2026-07-31 13:51:16
9475068514,Stanley LoveShackFancy,45.0,1784901084,2026-07-29 17:33:07,2026-07-31 15:45:26,active,,,,Stanley,,,0,2026-07-31 13:51:26
9469750535,Stanle cup,29.99,1784901078,2026-07-29 17:33:07,2026-07-31 15:45:26,active,,,,Stanley,Rose,,0,2026-07-31 13:51:21
9469842744,Stanley cup,29.99,1784901085,2026-07-29 17:33:07,2026-07-31 15:45:26,active,,,,Stanley,Crème,,0,2026-07-31 13:51:27
9455335865,Stanley borraccia cup,36.0,1784906361,2026-07-29 17:33:07,2026-07-31 15:45:26,active,,,,Stanley,Rose,,0,2026-07-31 15:19:22
9451404898,Stanley Cup -LoveShackFancy - 1.18 L,70.0,1784901085,2026-07-29 17:33:07,2026-07-31 15:45:26,active,,,,Stanley,Rose,40oz pink,0,2026-07-31 13:51:27
9446876867,Gourde Stanley,35.0,1784901087,2026-07-29 17:33:07,2026-07-31 15:45:26,active,,,,Stanley,Rose,,0,2026-07-31 13:51:29
9443620244,Stanley cup pink,35.0,,2026-07-29 17:33:07,2026-07-31 15:45:26,active,,,,Stanley,Rose,,,
9432812035,Stanley *Limited Edition*,55.55,1784901091,2026-07-29 17:33:07,2026-07-31 15:45:26,active,,,,Stanley,Fuchsia,,0,2026-07-31 13:51:31
9430223372,Stanley Bottle,20.0,1784901158,2026-07-29 17:33:07,2026-07-31 14:47:16,disappeared,2026-07-31 15:17:23,169.4,45.7,Stanley,Rose,,0,2026-07-31 13:52:39
9429716319,Gourde Stanley,35.0,1784906365,2026-07-29 17:33:07,2026-07-31 15:45:26,active,,,,Stanley,Rose,,0,2026-07-31 15:19:26
9415652145,Stanley Cup,50.0,,2026-07-29 17:33:07,2026-07-31 14:47:16,disappeared,2026-07-31 15:17:23,,45.7,Stanley,Fuchsia,,,
9403761075,Stanley,35.0,,2026-07-29 17:33:07,2026-07-29 17:33:07,disappeared,2026-07-31 13:35:35,,44.0,Stanley,,,,
9415548899,Stanley,23.0,1784296362,2026-07-29 17:33:07,2026-07-31 15:45:26,active,,,,Stanley,Rose,,0,2026-07-31 13:52:44
9413441990,Stanley cup,30.0,,2026-07-29 17:33:07,2026-07-29 17:33:07,disappeared,2026-07-31 13:35:35,,44.0,Stanley,,,,
9406136324,Stanley Cup,45.0,,2026-07-29 17:33:07,2026-07-29 17:33:07,disappeared,2026-07-31 13:35:35,,44.0,Stanley,,,,
9398568565,Gourde Stanley,35.0,1784296366,2026-07-29 17:33:07,2026-07-31 15:45:26,active,,,,Stanley,Fuchsia,,0,2026-07-31 13:52:47
9370750198,Gourde Stanley rose,22.0,1784296366,2026-07-29 17:33:07,2026-07-31 15:45:26,active,,,,Stanley,Rose,,0,2026-07-31 13:52:47
9383150040,Stanley Becher Limited Edition,45.0,1784296370,2026-07-29 17:33:07,2026-07-31 15:45:26,active,,,,Stanley,Rose,,0,2026-07-31 13:52:50
9395578117,Lot 4 accessoires pour Stanley,1.5,1784296374,2026-07-29 17:33:07,2026-07-31 15:45:26,active,,,,Accessoires,Blanc,,0,2026-07-31 13:52:55
9347934240,Pink Velvet Cake limited edition 🩷 🎀,45.0,1783691574,2026-07-29 17:33:07,2026-07-31 15:45:26,active,,,,Stanley,Rose,,0,2026-07-31 13:52:55
9341967277,Gourde Stanley Rose 40oz,60.0,1783691579,2026-07-29 17:33:07,2026-07-31 15:45:26,active,,,,Stanley,Rose,40oz pink,0,2026-07-31 13:53:01
9323235245,Stanley Cup Dark Castle,50.0,1783691579,2026-07-29 17:33:07,2026-07-31 15:45:26,active,,,,Stanley,Rose,,0,2026-07-31 13:53:01
9341669686,Gourde stanley rose pale,60.0,1783695013,2026-07-29 17:33:07,2026-07-31 15:45:26,active,,,,Stanley,Rose,,0,2026-07-31 14:50:14
9256870221,Stanley Gourde de sport 1.18L,36.0,1782481987,2026-07-29 17:33:07,2026-07-31 15:45:26,active,,,,Stanley,Rose,40oz pink,0,2026-07-31 13:53:08
9297827581,stanley cup,60.0,1783086785,2026-07-29 17:33:07,2026-07-31 15:45:26,active,,,,Stanley,Rose,,0,2026-07-31 13:53:07
9290936343,Stanley Cup rosa lila,50.0,1783086858,2026-07-29 17:33:07,2026-07-31 13:35:35,disappeared,2026-07-31 14:47:16,672.9,45.2,Stanley,Rose,,0,2026-07-31 13:54:19
9294328065,Nueva con etiqueta - Taza térmica Stanley rosa pastel rayada 30oz,70.0,,2026-07-29 17:33:07,2026-07-31 14:47:16,disappeared,2026-07-31 15:17:23,,45.7,Stanley,Fuchsia,30oz pink,0,2026-07-31 14:50:36
9252917038,Stanley Wasserflasche Pink,30.0,1782482054,2026-07-29 17:33:07,2026-07-31 14:47:16,disappeared,2026-07-31 15:17:23,841.4,45.7,Stanley,Rose,,0,2026-07-31 13:54:14
9240534108,Stanley LoveShackFancy Tumbler,70.0,1782482064,2026-07-29 17:33:07,2026-07-31 15:45:26,active,,,,Stanley,Fuchsia,,0,2026-07-31 13:54:26
9218348470,Pink Stanley Cup,30.0,1782485453,2026-07-29 17:33:07,2026-07-31 15:45:26,active,,,,Stanley,Fuchsia,,0,2026-07-31 14:50:54
9161976977,Stanly Quench neu Pink rosa,50.0,1781877263,2026-07-29 17:33:07,2026-07-31 15:45:26,active,,,,Stanley,Fuchsia,,0,2026-07-31 13:54:26
9149239641,Borraccia Stanley,35.0,1781272457,2026-07-29 17:33:07,2026-07-31 15:45:26,active,,,,Stanley,Lila,,0,2026-07-31 13:54:18
9122517227,Gourde stanley,30.0,1781272465,2026-07-29 17:33:07,2026-07-31 15:45:26,active,,,,Stanley,Rose,,0,2026-07-31 13:54:26
9121432878,Gourde Stanley rose,45.0,1781272469,2026-07-29 17:33:07,2026-07-31 15:45:26,active,,,,Stanley,Rose,,0,2026-07-31 13:54:30
8950297176,Stanley Cup Pink,35.0,1780322068,2026-07-29 17:33:07,2026-07-31 15:45:26,active,,,,Stanley,Rose,,0,2026-07-31 13:54:29
9064046030,"Lot de deux dessous antidérapant pour Stanley 0,8L",3.99,1781272480,2026-07-29 17:33:07,2026-07-31 15:45:26,active,,,,Stanley,Rose,0.8l pink,0,2026-07-31 13:54:41
9111721665,Pale pink stanley tumbler,25.0,1781272480,2026-07-29 17:33:07,2026-07-31 15:17:23,disappeared,2026-07-31 15:45:26,1177.8,46.2,Stanley,,,,
9099622365,Mug termico Stanley,35.0,1781272480,2026-07-29 17:33:07,2026-07-31 15:45:26,active,,,,Stanley,Rose,,0,2026-07-31 13:54:42
9074211277,Stanley 1913 - tazza termica,45.0,1780671055,2026-07-29 17:33:07,2026-07-31 15:45:26,active,,,,Stanley,Rose,,0,2026-07-31 14:50:56
9073161263,Stanley cup,22.0,1780671053,2026-07-29 17:33:07,2026-07-31 15:45:26,active,,,,Stanley,,,0,2026-07-31 14:50:54
9053091606,Stanley beker,40.0,1780667681,2026-07-29 17:33:07,2026-07-31 15:45:26,active,,,,Stanley,Rose,,0,2026-07-31 13:54:41
8896216529,Stanley Cup,40.0,1780322082,2026-07-29 17:33:07,2026-07-31 15:45:26,active,,,,Stanley,Rose,,0,2026-07-31 13:54:43
8793376896,Gourde Stanley,35.0,1780322167,2026-07-29 17:33:07,2026-07-31 15:45:26,active,,,,Stanley,Rose,,0,2026-07-31 13:56:08
8841457795,Stanley Cup Rose 🎀,35.0,1780325491,2026-07-29 17:33:07,2026-07-31 15:45:26,active,,,,Stanley,Rose,,0,2026-07-31 14:51:32
8747376618,Stanley cup la plus grande taille Isoterme Rose,45.0,1777735163,2026-07-29 17:33:07,2026-07-31 15:45:26,active,,,,Stanley,Rose,,0,2026-07-31 15:19:25
8802283438,Stanley x Lionel Messi The GOAT Collection – Complete Set,800.0,1780325483,2026-07-29 17:33:07,2026-07-31 15:45:26,active,,,,Stanley,Rose,,0,2026-07-31 14:51:24
8743379559,Termo vaso Stanley 20 oz / 0.59L,40.0,1777730167,2026-07-29 17:33:07,2026-07-31 15:45:26,active,,,,Stanley,Rose,20oz pink,0,2026-07-31 13:56:08
8638153024,Stanley Cup,40.5,1777730172,2026-07-29 17:33:07,2026-07-31 15:45:26,active,,,,Stanley,Rose,,0,2026-07-31 13:56:13
8740045982,Stanley Cup Pink,40.0,1777730176,2026-07-29 17:33:07,2026-07-31 15:45:26,active,,,,Stanley,Fuchsia,,0,2026-07-31 13:56:18
8694485563,Stanley,45.0,1777730178,2026-07-29 17:33:07,2026-07-31 15:17:23,disappeared,2026-07-31 15:45:26,2161.8,46.2,Stanley,Rose,,,
8661760615,Stanley Cup rosa,45.0,1777730184,2026-07-29 17:33:07,2026-07-31 15:45:26,active,,,,Stanley,Rose,,0,2026-07-31 13:56:26
7944064085,Tragetasche Stanley 0.89L,27.0,1769954185,2026-07-29 17:33:07,2026-07-31 15:45:26,active,,,,Stanley,Fuchsia,30oz pink,0,2026-07-31 13:56:26
8595053212,Cup Stanley rose – très bon état,35.0,1777733482,2026-07-29 17:33:07,2026-07-31 15:45:26,active,,,,Stanley,Rose,,,
8586699016,Borraccia Stanley,40.0,1777730187,2026-07-29 17:33:07,2026-07-31 15:17:23,disappeared,2026-07-31 15:45:26,2161.8,46.2,Stanley,Rose,,0,2026-07-31 13:56:28
8598819977,Gourde Stanley,40.0,1777730190,2026-07-29 17:33:07,2026-07-31 15:45:26,active,,,,Stanley,Lila,,0,2026-07-31 13:56:32
8529184869,Goblet Stanley Barbie,100.0,1775138191,2026-07-29 17:33:07,2026-07-31 15:45:26,active,,,,Stanley,Noir,,0,2026-07-31 13:56:32
8367597923,Termo Stanley,40.0,1775138194,2026-07-29 17:33:07,2026-07-31 15:45:26,active,,,,Stanley,Crème,,0,2026-07-31 13:56:35
8197164419,Botella Stanley 1.18,35.0,1772549483,2026-07-29 17:33:07,2026-07-31 15:17:23,disappeared,2026-07-31 15:45:26,3600.9,46.2,Stanley,Rose,,0,2026-07-31 14:51:24
8463337991,gourde stanley,40.0,1775138275,2026-07-29 17:33:07,2026-07-31 15:45:26,active,,,,Stanley,Rose,,0,2026-07-31 13:57:56
8402974931,Stanley Cup Rosa,35.0,,2026-07-29 17:33:07,2026-07-31 13:35:35,disappeared,2026-07-31 14:47:16,,45.2,Stanley,Rose,,,
7103006954,Stanley Cup,33.0,1759586274,2026-07-29 17:33:07,2026-07-31 15:45:26,active,,,,Stanley,Rose,,0,2026-07-31 13:57:55
8092329030,Mug stanley rose quartz,44.99,1772546275,2026-07-29 17:33:07,2026-07-31 15:45:26,active,,,,Stanley,Rose,,0,2026-07-31 13:57:56
8134290955,Stanley Becher,50.0,1772549496,2026-07-29 17:33:07,2026-07-31 15:17:23,disappeared,2026-07-31 15:45:26,3600.9,46.2,Stanley,Fuchsia,,0,2026-07-31 14:51:37
7847889778,Gourde stanley rose,34.9,1769957496,2026-07-29 17:33:07,2026-07-31 15:45:26,active,,,,Stanley,Rose,,0,2026-07-31 14:51:37
7990023103,Stanley beker,39.99,1769954291,2026-07-29 17:33:07,2026-07-31 15:17:23,disappeared,2026-07-31 15:45:26,4321.8,46.2,Stanley,Rose,,,
7979178869,Gourde Stanley rose pale,30.0,1769957496,2026-07-29 17:33:07,2026-07-31 15:45:26,active,,,,Stanley,Rose,,0,2026-07-31 14:51:38
7912323505,Stanley roze met paars,35.0,1769954292,2026-07-29 17:33:07,2026-07-31 15:45:26,active,,,,Stanley,Rose,,0,2026-07-31 13:58:12
7795567524,Stanley Cup 1.18L in Pink,40.0,1767365497,2026-07-29 17:33:07,2026-07-31 14:47:16,disappeared,2026-07-31 15:17:23,5040.4,45.7,Stanley,Rose,40oz pink,0,2026-07-31 14:51:38
7987673054,Stanley Cup,40.0,1769957502,2026-07-29 17:33:07,2026-07-31 15:45:26,active,,,,Stanley,Rose,,0,2026-07-31 14:51:43
7879504339,Stanley Tumbler,35.0,1769954297,2026-07-29 17:33:07,2026-07-31 15:45:26,active,,,,Stanley,Rose,,0,2026-07-31 13:58:18
6157571028,Stanley by Barbie,80.0,,2026-07-29 17:33:07,2026-07-31 15:17:23,disappeared,2026-07-31 15:45:26,,46.2,Stanley,Fuchsia,,0,2026-07-31 15:19:31
6057835473,Stanley Cup,50.0,,2026-07-29 17:33:07,2026-07-31 15:17:23,disappeared,2026-07-31 15:45:26,,46.2,Stanley,Rose,,0,2026-07-31 15:19:31
5813968302,Stanley Cup,35.0,,2026-07-29 17:33:07,2026-07-31 15:45:26,active,,,,Stanley,Fuchsia,,0,2026-07-31 15:46:39
7824856202,stanley,45.0,1767362299,2026-07-29 17:33:07,2026-07-31 15:17:23,disappeared,2026-07-31 15:45:26,5041.8,46.2,Stanley,Rose,,0,2026-07-31 13:58:20
5661646944,Stanley Ocean Pink Tie Dye,60.0,,2026-07-29 17:33:07,2026-07-31 15:17:23,disappeared,2026-07-31 15:45:26,,46.2,Stanley,Rose,,0,2026-07-31 15:19:36
6974454659,Gourde Stanley,43.0,1756997513,2026-07-29 17:33:07,2026-07-31 15:45:26,active,,,,Stanley,Fuchsia,,0,2026-07-31 14:51:55
7770621887,Borraccia Stanley con cannuccia rosa originale,47.0,1767362378,2026-07-29 17:33:07,2026-07-31 15:45:26,active,,,,Stanley,Rose,,0,2026-07-31 13:59:39
7659471243,Stanley grande Rosa,35.0,1764773583,2026-07-29 17:33:07,2026-07-31 15:45:26,active,,,,Stanley,Rose,,0,2026-07-31 14:53:04
5412214949,Starbucks Stanley Cup pink Holiday Edition USA,160.0,1785507785,2026-07-29 17:33:07,2026-07-31 15:45:26,active,,,,Stanley,Fuchsia,,0,2026-07-31 14:53:06
6568703215,Termo bicchiere Stanley per liquidi caldi e freddi,25.0,,2026-07-29 17:33:07,2026-07-31 15:45:26,active,,,,Stanley,Rose,,0,2026-07-31 15:19:39
7548952502,Drink beker,50.0,1764770391,2026-07-29 17:33:07,2026-07-31 15:17:23,disappeared,2026-07-31 15:45:26,5761.8,46.2,Stanley,Rose,,,
8118456954,Ijsblokjesvorm voor Stanley,5.0,1772546392,2026-07-29 17:33:07,2026-07-31 15:45:26,active,,,,Normal,Rose,,0,2026-07-31 13:59:53
7312227958,Pink and silver Stanley Cup,40.0,1762178393,2026-07-29 17:33:07,2026-07-31 15:45:26,active,,,,Stanley,,,0,2026-07-31 13:59:54
7413033445,Gourde Stanley neuve,35.0,1762181586,2026-07-29 17:33:07,2026-07-31 15:45:26,active,,,,Stanley,Fuchsia,,0,2026-07-31 14:53:07
7139701796,Tasse Stanley,45.0,1759586400,2026-07-29 17:33:07,2026-07-31 15:45:26,active,,,,Stanley,Fuchsia,,0,2026-07-31 14:00:02
7958782617,Stanley Cup Tragetasche u Quench,15.0,1769954402,2026-07-29 17:33:07,2026-07-31 15:45:26,active,,,,Amazon,Noir,,0,2026-07-31 14:00:03
6862465570,Stanley barbie,120.0,1756994403,2026-07-29 17:33:07,2026-07-31 15:45:26,active,,,,Stanley,Fuchsia,,0,2026-07-31 14:00:04
6432503504,Tasse Stanley,35.0,,2026-07-29 17:33:07,2026-07-31 15:17:23,disappeared,2026-07-31 15:45:26,,46.2,Stanley,Rose,,0,2026-07-31 15:19:42
4284804283,Vaso stanley rosa,45.0,,2026-07-29 17:33:07,2026-07-31 15:45:26,active,,,,Stanley,Rose,,0,2026-07-31 15:46:41
6323223633,Stanley Cup rosa,38.0,,2026-07-29 17:33:07,2026-07-31 15:17:23,disappeared,2026-07-31 15:45:26,,46.2,Stanley,Rose,,0,2026-07-31 15:19:45
6230062138,Gourde,60.0,,2026-07-29 17:33:07,2026-07-31 15:17:23,disappeared,2026-07-31 15:45:26,,46.2,Stanley,Rose,,0,2026-07-31 15:19:47
5790373174,Stanley cup,70.0,,2026-07-29 17:33:07,2026-07-31 15:17:23,disappeared,2026-07-31 15:45:26,,46.2,Stanley,,,0,2026-07-31 15:20:55
6458119558,Sangle de transport pour Stanley Cup,10.0,,2026-07-29 17:33:07,2026-07-31 15:45:26,active,,,,Amazon,Rose,,0,2026-07-31 15:47:47
4166408260,garrafa térmica,41.5,,2026-07-29 17:33:07,2026-07-31 14:47:16,disappeared,2026-07-31 15:17:23,,45.7,Stanley,Rose,,0,2026-07-31 14:53:17
9518709327,Tumblers sublimables plusieurs disponibles,10.0,,2026-07-29 17:33:07,2026-07-29 17:33:07,disappeared,2026-07-31 13:35:35,,44.0,Stanley,,,,
9508876953,Stanley,28.0,1785250404,2026-07-29 17:33:07,2026-07-31 15:45:26,active,,,,Stanley,Rose,,0,2026-07-31 14:53:25
9481447434,Gourde Stanley cup,40.0,1784991271,2026-07-29 17:33:07,2026-07-31 15:45:26,active,,,,Stanley,Rose,,0,2026-07-31 14:54:32
9478677541,Gourde Stanley,40.0,1784904806,2026-07-29 17:33:07,2026-07-31 15:45:26,active,,,,Stanley,Rose,,0,2026-07-31 14:53:27
9429643890,Gourde de vélo portable grande capacité et étanche,80.0,1784904806,2026-07-29 17:33:07,2026-07-31 15:45:26,active,,,,Stanley,Rose,,0,2026-07-31 14:53:27
9371425752,Tazza termica con cannuccia di acciaio marca GOOVi,15.0,,2026-07-29 17:33:07,2026-07-31 13:35:35,disappeared,2026-07-31 14:47:16,,45.2,Stanley,Rose,,0,2026-07-31 14:01:29
9342152832,Gourde stanley,45.0,,2026-07-29 17:33:07,2026-07-29 17:33:07,disappeared,2026-07-31 13:35:35,,44.0,Stanley,,,,
9292892766,Botella de agua stanley,35.0,1783087291,2026-07-29 17:33:07,2026-07-31 15:17:23,disappeared,2026-07-31 15:45:26,673.7,46.2,Stanley,Rose,,,
9215443470,Nuevo con etiqueta - Taza térmica Stanley rosa 30oz,55.0,1782482491,2026-07-29 17:33:07,2026-07-31 15:45:26,active,,,,Stanley,Rose,30oz pink,,
9197094361,gourde,35.0,1781877695,2026-07-29 17:33:07,2026-07-31 15:45:26,active,,,,Stanley,Rose,,0,2026-07-31 14:01:36
9035336245,Stanley tout neuf rose 💓,50.0,1780671274,2026-07-29 17:33:07,2026-07-31 15:45:26,active,,,,Stanley,Rose,,0,2026-07-31 14:54:35
8956543128,Gourde Stanley Goat Messi,80.0,1780322501,2026-07-29 17:33:07,2026-07-31 13:35:35,disappeared,2026-07-31 14:47:16,1440.8,45.2,Stanley,Rose,,0,2026-07-31 14:01:44
9014365108,Nueva con etiqueta - Taza térmica Stanley rosa pastel 30oz,55.0,1780325674,2026-07-29 17:33:07,2026-07-31 15:45:26,active,,,,Stanley,Rose,30oz pink,0,2026-07-31 14:54:35
8777299215,stanley cup pink,25.0,1777730501,2026-07-29 17:33:07,2026-07-31 15:45:26,active,,,,Stanley,Rose,,0,2026-07-31 14:01:44
8759087957,Edición limitada Stanley rosa,60.0,1777730503,2026-07-29 17:33:07,2026-07-31 13:35:35,disappeared,2026-07-31 14:47:16,2160.8,45.2,Stanley,Rose,,0,2026-07-31 14:01:44
8557030831,Stanley cup mini,25.0,1777730505,2026-07-29 17:33:07,2026-07-31 15:17:23,disappeared,2026-07-31 15:45:26,2161.7,46.2,Stanley,Rose,,,
8183945352,Vaso térmico Stanley rosa,24.67,1772549677,2026-07-29 17:33:07,2026-07-31 15:17:23,disappeared,2026-07-31 15:45:26,3600.8,46.2,Stanley,Rose,,0,2026-07-31 14:54:38
8731327748,Stanley,60.0,1777733677,2026-07-29 17:33:07,2026-07-31 15:45:26,active,,,,Stanley,Rose,,0,2026-07-31 14:54:38
8634046164,Stanley Taza y porta taza térmica con asa larga para llevar colgada,45.0,1777733680,2026-07-29 17:33:07,2026-07-31 15:17:23,disappeared,2026-07-31 15:45:26,2160.8,46.2,Stanley,Rose,,0,2026-07-31 14:54:42
8536126802,Stanley drinkfles,30.0,1775141685,2026-07-29 17:33:07,2026-07-31 15:45:26,active,,,,Stanley,,,0,2026-07-31 14:54:46
8299664469,Termo 750ml | Stanley,239.0,,2026-07-29 17:33:07,2026-07-29 17:33:07,disappeared,2026-07-31 13:35:35,,44.0,Stanley,,,,
8089980549,Stanley,35.0,1772549687,2026-07-29 17:33:07,2026-07-31 15:45:26,active,,,,Stanley,Rose,,0,2026-07-31 14:54:48
6536114104,Borraccia stanley,35.0,,2026-07-29 17:33:07,2026-07-31 15:17:23,disappeared,2026-07-31 15:45:26,,46.2,Stanley,Rose,,0,2026-07-31 14:54:49
7350572457,Stanley cup 40 Oz rose,55.0,1762181688,2026-07-29 17:33:07,2026-07-31 15:17:23,disappeared,2026-07-31 15:45:26,6480.8,46.2,Stanley,Rose,40oz pink,0,2026-07-31 14:54:49
4471528799,Stanley Cup Rose Quartz,47.0,,2026-07-29 17:33:07,2026-07-31 15:45:26,active,,,,Stanley,Fuchsia,,0,2026-07-31 15:46:47
4313082854,Stanley roze,60.0,,2026-07-29 17:33:07,2026-07-31 15:45:26,active,,,,Stanley,Fuchsia,,0,2026-07-31 15:46:47
6720290424,Stanley cup holder 0.89l,45.0,1754402582,2026-07-29 17:33:07,2026-07-31 15:45:26,active,,,,Stanley,Rose,30oz pink,0,2026-07-31 14:03:05
7197631255,borraccia stanley rosa,40.0,1759586598,2026-07-29 17:33:07,2026-07-31 15:45:26,active,,,,Stanley/Stella,Rose,,0,2026-07-31 14:03:19
9516116337,Stanley cup neue,30.0,1785336968,2026-07-29 17:33:07,2026-07-31 14:47:16,disappeared,2026-07-31 15:17:23,48.4,45.7,Stanley,Fuchsia,,0,2026-07-31 14:56:09
9457273909,"Stanley Becher Stacking Tumbler 16 oz - 0,47 L",25.5,1784904898,2026-07-29 17:33:07,2026-07-31 14:47:16,disappeared,2026-07-31 15:17:23,168.4,45.7,Stanley,Rose,16oz pink,0,2026-07-31 14:54:59
9426155351,Barbie x Stanley Cup,55.0,,2026-07-29 17:33:07,2026-07-29 17:33:07,disappeared,2026-07-31 13:35:35,,44.0,Stanley,,,,
9434277661,Stanley Cup,45.0,1784908073,2026-07-29 17:33:07,2026-07-31 15:45:26,active,,,,Stanley,Rose,,0,2026-07-31 15:47:54
9432707983,Stanley Cup Rosa,20.0,1784904966,2026-07-29 17:33:07,2026-07-31 14:47:16,disappeared,2026-07-31 15:17:23,168.4,45.7,Stanley,Rose,,0,2026-07-31 14:56:07
9424934396,Stabley Cup Thumbler,30.0,,2026-07-29 17:33:07,2026-07-29 17:33:07,disappeared,2026-07-31 13:35:35,,44.0,Stanley,,,,
9386920795,Stanley Cup,85.0,1784300168,2026-07-29 17:33:07,2026-07-31 14:47:16,disappeared,2026-07-31 15:17:23,336.4,45.7,Stanley,Fuchsia,,0,2026-07-31 14:56:09
9351259728,Stanley,23.0,1783695368,2026-07-29 17:33:07,2026-07-31 14:47:16,disappeared,2026-07-31 15:17:23,504.4,45.7,Stanley,Fuchsia,,0,2026-07-31 14:56:09
9342483955,Stanley pink Parade Limited Edition,100.0,1783695368,2026-07-29 17:33:07,2026-07-31 15:45:26,active,,,,Stanley,Fuchsia,,0,2026-07-31 14:56:09
9285950726,Stanley,30.0,1783087405,2026-07-29 17:33:07,2026-07-31 14:47:16,disappeared,2026-07-31 15:17:23,673.2,45.7,Stanley,Fuchsia,,0,2026-07-31 14:03:27
9202468656,Gourde Stanley,40.0,1781877804,2026-07-29 17:33:07,2026-07-31 15:17:23,disappeared,2026-07-31 15:45:26,1009.7,46.2,Stanley,Rose,,0,2026-07-31 14:03:25
9239150216,Stanley Cup,40.0,1782485776,2026-07-29 17:33:07,2026-07-31 15:17:23,disappeared,2026-07-31 15:45:26,840.8,46.2,Stanley,,,0,2026-07-31 14:56:17
9231077175,Borraccia termica Stanley xxl,30.0,1782485778,2026-07-29 17:33:07,2026-07-31 15:45:26,active,,,,Stanley,Fuchsia,,0,2026-07-31 14:56:19
9003374643,Stanley Cup- deckel unbenutzt,23.0,1780325778,2026-07-29 17:33:07,2026-07-31 14:47:16,disappeared,2026-07-31 15:17:23,1440.4,45.7,Stanley,Lila,,0,2026-07-31 14:56:19
8784283635,Seltener Stanley Cup in Pastell,50.0,1777733779,2026-07-29 17:33:07,2026-07-31 15:17:23,disappeared,2026-07-31 15:45:26,2160.8,46.2,Stanley,Rose,,0,2026-07-31 14:56:21
8895453628,Stanley Cup Rosè / Puderrosa 1.18 L,50.0,,2026-07-29 17:33:07,2026-07-29 17:33:07,disappeared,2026-07-31 13:35:35,,44.0,Stanley,,,,
8861646400,Stanley cup,35.0,1780325781,2026-07-29 17:33:07,2026-07-31 14:47:16,disappeared,2026-07-31 15:17:23,1440.4,45.7,Stanley,Rose,,0,2026-07-31 14:56:22
8835093617,"Stanley Becher 1,18 Liter",35.0,1780325787,2026-07-29 17:33:07,2026-07-31 14:47:16,disappeared,2026-07-31 15:17:23,1440.3,45.7,Stanley,Multicolore,,0,2026-07-31 14:56:28
8340011531,Stanley Cup - Tumbler,18.0,1775141789,2026-07-29 17:33:07,2026-07-31 15:45:26,active,,,,Stanley,Fuchsia,,0,2026-07-31 14:56:30
8665229887,Stanley Becher,40.0,1777733790,2026-07-29 17:33:07,2026-07-31 15:45:26,active,,,,Stanley,Rose,,0,2026-07-31 14:56:31
8637276771,Stanley Cup pink,45.0,1777730634,2026-07-29 17:33:07,2026-07-31 15:45:26,active,,,,Stanley,Fuchsia,,0,2026-07-31 14:03:55
8616397591,Stanley Cup Rosa,48.0,1777733789,2026-07-29 17:33:07,2026-07-31 15:17:23,disappeared,2026-07-31 15:45:26,2160.8,46.2,Stanley,Rose,,0,2026-07-31 14:56:30
5054243023,Stanley,40.0,1785508061,2026-07-29 17:33:07,2026-07-31 15:45:26,active,,,,Stanley,Rose,,0,2026-07-31 14:57:42
7488350710,Stanley,50.0,1764770644,2026-07-29 17:33:07,2026-07-31 15:17:23,disappeared,2026-07-31 15:45:26,5761.7,46.2,Stanley,Rose,,0,2026-07-31 14:04:05
9508787175,Grote standley cup met bloemen print.,40.0,1785250665,2026-07-29 17:33:07,2026-07-31 15:45:26,active,,,,Stanley,Rose,,3,2026-07-31 14:57:46
9501979040,Stanley,40.0,,2026-07-29 17:33:07,2026-07-29 17:33:07,disappeared,2026-07-31 13:35:35,,44.0,Stanley,,,,
9399127141,Stanley cup 1913 x LoveShackFancy rose motifs floral roses très bon état,45.6,1784297044,2026-07-29 17:33:07,2026-07-31 15:45:26,active,,,,Stanley,Fuchsia,,0,2026-07-31 14:04:05
9388997258,Stanley termo Cup viral pink limited edition,38.0,1784300263,2026-07-29 17:33:07,2026-07-31 15:45:26,active,,,,Stanley,Rose,,0,2026-07-31 14:57:44
9386597736,Copo Stanley,45.0,,2026-07-29 17:33:07,2026-07-29 17:33:07,disappeared,2026-07-31 13:35:35,,44.0,Stanley,,,,
9329772658,Gourde stanley rose,35.0,1783695464,2026-07-29 17:33:07,2026-07-31 15:45:26,active,,,,Stanley,Rose,,0,2026-07-31 14:57:45
9305761411,Stanley cup avec couvercle hermétique,35.0,1783090664,2026-07-29 17:33:07,2026-07-31 15:45:26,active,,,,Stanley,Crème,,0,2026-07-31 14:57:46
9015249293,garrafa stanley,60.0,1780325872,2026-07-29 17:33:07,2026-07-31 15:45:26,active,,,,Stanley,Rose,,0,2026-07-31 14:57:53
8960357017,Stanley beker,50.0,1780325874,2026-07-29 17:33:07,2026-07-31 15:45:26,active,,,,Stanley,Fuchsia,,0,2026-07-31 14:57:55
8983499321,"Stanley Cup rose original 40 oz/1,18 L",45.0,1780325877,2026-07-29 17:33:07,2026-07-31 15:45:26,active,,,,Stanley,Rose,40oz pink,0,2026-07-31 14:57:58
8920453200,Borraccia Stanley,50.0,,2026-07-29 17:33:07,2026-07-29 17:33:07,disappeared,2026-07-31 13:35:35,,44.0,Stanley,,,,
8903427897,Stanley pink,30.0,,2026-07-29 17:33:07,2026-07-29 17:33:07,disappeared,2026-07-31 13:35:35,,44.0,Stanley,,,,
8641555410,Borraccia Stanley Quecher 2.0,28.0,1777733875,2026-07-29 17:33:07,2026-07-31 15:45:26,active,,,,Stanley,Lila,,0,2026-07-31 14:57:56
8590640558,stanley cup rosa,28.0,1777733876,2026-07-29 17:33:07,2026-07-31 15:17:23,disappeared,2026-07-31 15:45:26,2160.8,46.2,Stanley,Rose,,0,2026-07-31 14:57:57
8281446471,Gourde Stanley rose,35.0,1772546665,2026-07-29 17:33:07,2026-07-31 15:45:26,active,,,,Stanley,Rose,,0,2026-07-31 14:04:26
8140204590,Stanley fles,30.0,1772546665,2026-07-29 17:33:07,2026-07-31 15:17:23,disappeared,2026-07-31 15:45:26,3601.7,46.2,Stanley,,,0,2026-07-31 14:04:26
8042526966,Gourde Stanley,40.0,1772549881,2026-07-29 17:33:07,2026-07-31 15:45:26,active,,,,Stanley,Rose,,0,2026-07-31 14:58:02
7862102738,Stanley beker,40.0,1769957886,2026-07-29 17:33:07,2026-07-31 14:47:16,disappeared,2026-07-31 15:17:23,4320.3,45.7,Stanley,Fuchsia,,0,2026-07-31 14:58:07
6306816040,Stanley cup rose pale neuve,45.0,,2026-07-29 17:33:07,2026-07-29 17:33:07,disappeared,2026-07-31 13:35:35,,44.0,Stanley,,,,
4709480789,Stanley cup rose,50.0,,2026-07-29 17:33:07,2026-07-31 15:45:26,active,,,,Stanley,Fuchsia,,0,2026-07-31 15:47:59
5444589009,Stanley 40 oz. USA,60.0,1785504870,2026-07-29 17:33:07,2026-07-31 15:45:26,active,,,,Stanley,Fuchsia,40oz pink,0,2026-07-31 14:04:32
9500968376,Pink Stanley,25.0,,2026-07-29 17:33:07,2026-07-29 17:33:07,disappeared,2026-07-31 13:35:35,,44.0,Stanley,,,,
9474924134,Stanley cup,17.0,1784905152,2026-07-29 17:33:07,2026-07-31 14:47:16,disappeared,2026-07-31 15:17:23,168.3,45.7,Stanley,Rose,,0,2026-07-31 14:59:13
9472152108,Gourde stanley,50.0,,2026-07-29 17:33:07,2026-07-29 17:33:07,disappeared,2026-07-31 13:35:35,,44.0,Stanley,,,,
9455421636,gourde stanley,32.0,,2026-07-29 17:33:07,2026-07-31 13:35:35,disappeared,2026-07-31 14:47:16,,45.2,Stanley,Abricot,,0,2026-07-31 14:04:39
9413853895,Gourde isotherme stanley x loveshackfancy noeuds roses,45.0,1784301688,2026-07-29 17:33:07,2026-07-31 15:17:23,disappeared,2026-07-31 15:45:26,336.4,46.2,Stanley,Rose,,3,2026-07-31 15:21:29
9322341654,Cup stanley,35.0,,2026-07-29 17:33:07,2026-07-29 17:33:07,disappeared,2026-07-31 13:35:35,,44.0,Stanley,,,,
9014593596,Stanley tumbler,35.0,1780328877,2026-07-29 17:33:07,2026-07-31 15:45:26,active,,,,Stanley,Corail,,0,2026-07-31 15:47:59
8842840876,tasse stanley,50.0,1780322678,2026-07-29 17:33:07,2026-07-31 15:45:26,active,,,,Stanley,Rose,,0,2026-07-31 14:04:39
8848043831,Stanley Cup,30.0,,2026-07-29 17:33:07,2026-07-29 17:33:07,disappeared,2026-07-31 13:35:35,,44.0,Stanley,,,,
8589711865,Stanley,30.0,,2026-07-29 17:33:07,2026-07-31 13:35:35,disappeared,2026-07-31 14:47:16,,45.2,Stanley,Rose,,0,2026-07-31 14:05:58
8573122302,Stanley Cup,45.0,1777730767,2026-07-29 17:33:07,2026-07-31 13:35:35,disappeared,2026-07-31 14:47:16,2160.7,45.2,Stanley,Crème,,0,2026-07-31 14:06:09
8514120481,Stanley cup Love Shake Fancy,55.0,1775138768,2026-07-29 17:33:07,2026-07-31 15:45:26,active,,,,Stanley,Lila,,0,2026-07-31 14:06:09
8157209851,Stanley X Starbucks tumbler,46.0,1772546767,2026-07-29 17:33:07,2026-07-31 13:35:35,disappeared,2026-07-31 14:47:16,3600.7,45.2,Stanley,,,0,2026-07-31 14:06:09
6977988025,Stanley Cup,45.0,1759586767,2026-07-29 17:33:07,2026-07-31 15:45:26,active,,,,Stanley,Rose,,0,2026-07-31 14:06:08
8049705428,Gourde rose style stanley,8.0,1769954772,2026-07-29 17:33:07,2026-07-31 15:45:26,active,,,,Stanley,Rose,,0,2026-07-31 14:06:12
6398456372,Stanley,56.0,,2026-07-29 17:33:07,2026-07-31 15:45:26,active,,,,Stanley,Fuchsia,,0,2026-07-31 15:47:59
7828046480,Stanley cup,33.0,,2026-07-29 17:33:07,2026-07-29 17:33:07,disappeared,2026-07-31 13:35:35,,44.0,Stanley,,,,
7876651960,Stanley cup,30.0,1769954790,2026-07-29 17:33:07,2026-07-31 13:35:35,disappeared,2026-07-31 14:47:16,4320.7,45.2,Stanley,Rose,,,
7790945952,Baby pink Stanley cup,39.0,1767365886,2026-07-29 17:33:07,2026-07-31 14:47:16,disappeared,2026-07-31 15:17:23,5040.3,45.7,Stanley,Fuchsia,,0,2026-07-31 14:58:08
7786457488,Gourde stanley,90.0,1767362790,2026-07-29 17:33:07,2026-07-31 13:35:35,disappeared,2026-07-31 14:47:16,5040.7,45.2,Stanley,Beige,,,
7466346978,Stanley Thermos (love),100.0,,2026-07-29 17:33:07,2026-07-31 14:47:16,disappeared,2026-07-31 15:17:23,,45.7,Stanley,,,0,2026-07-31 14:59:15
9460322213,Stanley 40oz – crème – nickel complet,30.0,,2026-07-29 17:33:07,2026-07-29 17:33:07,disappeared,2026-07-31 13:35:35,,44.0,Stanley,,40oz cream,,
9448464298,Gobelet Stanley rose personnalisé avec paille,60.0,1784901991,2026-07-29 17:33:07,2026-07-31 15:45:26,active,,,,Stanley,Fuchsia,,0,2026-07-31 14:06:31
9443747333,Stanley Quencher violet à motifs roses – neuf,55.0,1784901997,2026-07-29 17:33:07,2026-07-31 15:45:26,active,,,,Stanley,Lila,,0,2026-07-31 14:06:37
9392133019,Quencher ProTour Flip Straw Tumbler | 1.18L | Cream Rose Gold,35.0,1784297198,2026-07-29 17:33:07,2026-07-31 15:45:26,active,,,,Stanley,Beige,40oz cream,0,2026-07-31 14:06:39
9146936316,"Stanley Quencher H2.O FlowState 1,18L - Colore Cream",35.0,1781277688,2026-07-29 17:33:07,2026-07-31 15:45:26,active,,,,Stanley,Beige,40oz cream,0,2026-07-31 15:21:29
8777830096,Stanley Tumbler with Handle – 0.89L Flip Straw – Pink Rose Quartz,70.0,1777735292,2026-07-29 17:33:07,2026-07-31 15:17:23,disappeared,2026-07-31 15:45:26,2160.4,46.2,Stanley,Rose,30oz pink,0,2026-07-31 15:21:33
9356695506,Stanley 1.2l in goede staat flowstate grijs,34.0,1783692474,2026-07-29 17:33:07,2026-07-31 13:35:35,disappeared,2026-07-31 14:47:16,504.7,45.2,Stanley,Gris,40oz grey,,
5742131385,Stanley cup bleu,50.0,,2026-07-29 17:33:07,2026-07-29 17:33:07,disappeared,2026-07-31 13:35:35,,44.0,Stanley,,,,
8678849956,Stanley Cup Lila neu,45.0,1777730876,2026-07-29 17:33:07,2026-07-31 15:45:26,active,,,,Stanley,Lila,,0,2026-07-31 14:07:57
9369265283,Stanley Classic,53.0,,2026-07-29 17:33:07,2026-07-29 17:33:07,disappeared,2026-07-31 13:35:35,,44.0,Stanley,,,,
8698453983,Gourde Stanley Lila 40oz,40.0,1777730876,2026-07-29 17:33:07,2026-07-31 15:45:26,active,,,,Stanley,Lila,40oz purple,0,2026-07-31 14:07:56
8273140246,Stanley - IceFlow Flip Straw 2.0 Tumbler | 0.59L,50.0,1772546880,2026-07-29 17:33:07,2026-07-31 15:17:23,disappeared,2026-07-31 15:45:26,3601.6,46.2,Stanley,Lila,20oz purple,3,2026-07-31 14:08:02
9532965174,"Stanley Cup Hello Kitty Beker - Quencher H2.0 Tumbler - 1,18 L",38.25,1785435691,2026-07-31 13:35:35,2026-07-31 15:45:26,active,,,,Stanley,Fuchsia,40oz pink,0,2026-07-31 15:21:32
9533179076,Gobelet Stanley Quencher H2.0 Tumbler 1.18L - Resort Floral (Neuf),50.0,1785437962,2026-07-31 13:35:35,2026-07-31 15:45:26,active,,,,Stanley,Rouge,40oz red,0,2026-07-31 14:59:23
9532519269,"Stanley Quencher H2.O, licht roze.",35.0,1785434891,2026-07-31 13:35:35,2026-07-31 15:45:26,active,,,,Stanley,Rose,,0,2026-07-31 14:08:12
9530270825,Stanley cup flowstate tumbler 40oz/1.18L peach tie dye limited edition quencher ,60.0,1785420492,2026-07-31 13:35:35,2026-07-31 15:45:26,active,,,,Stanley,Rose,40oz pink,,
9527939155,Stanley Quencher H2.0 FlowState Tumbler 40 OZ (1.18 L) Gloednieuw/licht roze,34.99,1785420495,2026-07-31 13:35:35,2026-07-31 15:45:26,active,,,,Stanley,Rose,40oz pink,10,2026-07-31 14:08:16
9525796576,Stanley Cup Quencher x Barbie Edition,50.0,1785420499,2026-07-31 13:35:35,2026-07-31 15:45:26,active,,,,Stanley,Fuchsia,,0,2026-07-31 14:08:20
9525217523,Barbie Stanley / Quencher H2.0 Tumbler / Neu OVP,55.0,1785420498,2026-07-31 13:35:35,2026-07-31 15:45:26,active,,,,Stanley,Fuchsia,,3,2026-07-31 14:08:20
9526308535,Stanley x LoveShackFancy Quencher coquette Ruban Rose – Édition limitée – Neuve,55.0,1785420501,2026-07-31 13:35:35,2026-07-31 15:45:26,active,,,,LoveShackFancy,Rose,,3,2026-07-31 14:08:21
6585659750,"Stanley Quencher H2.0 Flowstate tumbler Rose Quartz 1,18 lt.",35.0,,2026-07-31 13:35:35,2026-07-31 15:45:26,active,,,,Stanley,Rose,,0,2026-07-31 15:48:02
8055740833,NEU Stanley Trinkflasche The flow state rose,40.0,1769957965,2026-07-31 13:35:35,2026-07-31 15:17:23,disappeared,2026-07-31 15:45:26,4320.8,2.2,Stanley,Rose,,0,2026-07-31 14:59:27
9538280842,Cup Stanley,30.0,1785504643,2026-07-31 13:35:35,2026-07-31 15:45:26,active,,,,Stanley,Rose,,0,2026-07-31 14:09:43
9537228035,Borraccia Termica Stanley,32.0,1785499168,2026-07-31 13:35:35,2026-07-31 15:45:26,active,,,,Stanley,Rose,,7,2026-07-31 14:59:29
9536475841,Stanley gourde,33.0,1785492579,2026-07-31 13:35:35,2026-07-31 15:45:26,active,,,,Stanley,Rose,,,
9536263590,Gourde Stanley,30.0,,2026-07-31 13:35:35,2026-07-31 13:35:35,disappeared,2026-07-31 14:47:16,,1.2,Stanley,Fuchsia,,0,2026-07-31 14:09:53
9525622670,Stanley 40 oz- Rosa,30.0,1785420600,2026-07-31 13:35:35,2026-07-31 15:45:26,active,,,,Stanley,Rose,40oz pink,,
9520790264,Stanley cup authentique,24.0,,2026-07-31 13:35:35,2026-07-31 15:45:26,active,,,,Stanley,Rose,,0,2026-07-31 15:48:08
9481453866,Stanley Cup,20.0,1784991568,2026-07-31 13:35:35,2026-07-31 15:45:26,active,,,,Stanley,Fuchsia,,0,2026-07-31 14:59:29
9472359605,Stanley tumbler 30oz,30.0,1784902201,2026-07-31 13:35:35,2026-07-31 15:45:26,active,,,,Stanley,Fuchsia,30oz pink,0,2026-07-31 14:10:01
9447407015,Stanley,24.0,1784905173,2026-07-31 13:35:35,2026-07-31 15:45:26,active,,,,Stanley,Rose,,0,2026-07-31 14:59:35
9438370768,Botella Stanley,35.0,1784902214,2026-07-31 13:35:35,2026-07-31 15:45:26,active,,,,Stanley,Rose,,0,2026-07-31 14:10:15
9406955436,Original Stanley NEU,45.0,1784297412,2026-07-31 13:35:35,2026-07-31 15:45:26,active,,,,Stanley,Fuchsia,,,
9292717603,Stanley Bouteille de qualité pour eau 1.18L,34.0,1783087814,2026-07-31 13:35:35,2026-07-31 15:45:26,active,,,,Stanley,Rose,40oz pink,0,2026-07-31 14:10:15
9283241103,"Gourde rose Stanley 0,59l",40.0,1783087881,2026-07-31 13:35:35,2026-07-31 15:45:26,active,,,,Stanley,Rose,20oz pink,0,2026-07-31 14:11:23
9265399134,Gourde stanley,40.0,1783090776,2026-07-31 13:35:35,2026-07-31 15:45:26,active,,,,Stanley,Rose,,0,2026-07-31 14:59:37
9188665239,Stanley Cup NEU Thermo Cute Boho Preppy Viral Rosa,50.0,1781878290,2026-07-31 13:35:35,2026-07-31 15:45:26,active,,,,Stanley,Rose,,0,2026-07-31 14:11:31
8901729264,Stanley Cherry Blossom,50.0,,2026-07-31 13:35:35,2026-07-31 15:17:23,disappeared,2026-07-31 15:45:26,,2.2,Stanley,Rose,,0,2026-07-31 14:11:30
8390200281,Stanley rosa,45.0,1775141977,2026-07-31 13:35:35,2026-07-31 15:17:23,disappeared,2026-07-31 15:45:26,2880.8,2.2,Stanley,Rose,,0,2026-07-31 14:59:38
8030984781,Stanley nieuw,41.0,,2026-07-31 13:35:35,2026-07-31 13:35:35,disappeared,2026-07-31 14:47:16,,1.2,Stanley,Rose,,0,2026-07-31 14:11:43
5807236365,Termo Stanley rosa,40.0,,2026-07-31 13:35:35,2026-07-31 15:17:23,disappeared,2026-07-31 15:45:26,,2.2,Stanley,Rose,,0,2026-07-31 15:23:00
5025481847,Gobelets thermiques,46.0,1785505307,2026-07-31 13:35:35,2026-07-31 15:45:26,active,,,,Stanley,Rose,,0,2026-07-31 14:11:48
9537502169,Stanley cup,45.0,1785502779,2026-07-31 13:35:35,2026-07-31 15:45:26,active,,,,Stanley,Rose,,0,2026-07-31 14:59:40
9536204709,Gourde Stanley,30.0,1785492707,2026-07-31 13:35:35,2026-07-31 13:35:35,disappeared,2026-07-31 14:47:16,4.6,1.2,Stanley,Rose,,0,2026-07-31 14:11:48
9535478519,Mug isotherme Stanley,40.0,1785484779,2026-07-31 13:35:35,2026-07-31 15:17:23,disappeared,2026-07-31 15:45:26,7.8,2.2,Stanley,Rose,,0,2026-07-31 14:59:39
9532661528,Originele Stanley,25.0,,2026-07-31 13:35:35,2026-07-31 13:35:35,disappeared,2026-07-31 14:47:16,,1.2,Stanley,Crème,,7,2026-07-31 14:11:58
7871423924,Gourde Stanley rose en très bon état 🌸,35.0,1769955121,2026-07-31 13:35:35,2026-07-31 13:35:35,disappeared,2026-07-31 14:47:16,4320.6,1.2,Stanley,Rose,,0,2026-07-31 14:12:02
7472211282,Stanley gourde,40.0,1764771121,2026-07-31 13:35:35,2026-07-31 15:17:23,disappeared,2026-07-31 15:45:26,5761.6,2.2,Stanley,Fuchsia,,0,2026-07-31 14:12:01
7131595700,Roze stanley beker,30.0,1759587185,2026-07-31 13:35:35,2026-07-31 13:35:35,disappeared,2026-07-31 14:47:16,7200.6,1.2,Stanley,Rose,,0,2026-07-31 14:13:06
6760888070,Stanley cup rose pale avec accessoires,38.0,1754403187,2026-07-31 13:35:35,2026-07-31 13:35:35,disappeared,2026-07-31 14:47:16,8640.6,1.2,Stanley,Rose,,0,2026-07-31 14:13:08
9529971861,Stanley pro Tour,45.0,1785420787,2026-07-31 13:35:35,2026-07-31 14:47:16,disappeared,2026-07-31 15:17:23,25.1,1.7,Stanley,Fuchsia,,0,2026-07-31 14:13:08
9494824535,Stanley,25.0,1785075188,2026-07-31 13:35:35,2026-07-31 13:35:35,disappeared,2026-07-31 14:47:16,120.6,1.2,Stanley,Rose,,0,2026-07-31 14:13:09
9476055378,Rosa Stanley,37.0,1784902389,2026-07-31 13:35:35,2026-07-31 15:45:26,active,,,,Stanley,Rose,,0,2026-07-31 14:13:10
9467331153,Gourde Stanley,40.0,1784902396,2026-07-31 13:35:35,2026-07-31 15:45:26,active,,,,Stanley,Rose,,0,2026-07-31 14:13:17
9443745840,Stanley Cup Limited Edition,45.0,1784902397,2026-07-31 13:35:35,2026-07-31 14:47:16,disappeared,2026-07-31 15:17:23,169.1,1.7,Stanley,Rose,,0,2026-07-31 14:13:18
9362167403,Stanley Becher,25.0,1783692797,2026-07-31 13:35:35,2026-07-31 15:45:26,active,,,,Stanley,Rose,,0,2026-07-31 14:13:18
9341854727,Stanley Cup 1.2 L,33.0,1783692797,2026-07-31 13:35:35,2026-07-31 15:45:26,active,,,,Stanley,Rose,40oz pink,0,2026-07-31 14:13:18
9295439475,Stanley Becher,28.0,1783087995,2026-07-31 13:35:35,2026-07-31 14:47:16,disappeared,2026-07-31 15:17:23,673.1,1.7,Stanley,Fuchsia,,0,2026-07-31 14:13:17
9263422267,supporto per bottiglie Stanley,3.0,1783088003,2026-07-31 13:35:35,2026-07-31 15:17:23,disappeared,2026-07-31 15:45:26,673.5,2.2,Stanley,Rose,,0,2026-07-31 14:13:24
9244671314,Stanley Cup,45.0,1782483206,2026-07-31 13:35:35,2026-07-31 13:35:35,disappeared,2026-07-31 14:47:16,840.6,1.2,Stanley,Fuchsia,,0,2026-07-31 14:13:27
9156688671,Stanley Cup,50.0,1781878469,2026-07-31 13:35:35,2026-07-31 13:35:35,disappeared,2026-07-31 14:47:16,1008.5,1.2,Stanley,Rose,,0,2026-07-31 14:14:31
9106312839,Gobelet isotherme Stanley,40.0,1781273605,2026-07-31 13:35:35,2026-07-31 15:45:26,active,,,,Stanley,Rose,,0,2026-07-31 14:13:26
9007382730,Borraccia stanley,30.0,1780323204,2026-07-31 13:35:35,2026-07-31 15:17:23,disappeared,2026-07-31 15:45:26,1441.5,2.2,Stanley,Lila,,0,2026-07-31 14:13:25
8638005775,Stanley Cup,65.0,1777731273,2026-07-31 13:35:35,2026-07-31 15:45:26,active,,,,Stanley,Rose,,0,2026-07-31 14:14:34
7912354230,Stanley Cup 40oz,70.0,1769955272,2026-07-31 13:35:35,2026-07-31 13:35:35,disappeared,2026-07-31 14:47:16,4320.5,1.2,Stanley,Rose,40oz pink,0,2026-07-31 14:14:33
6641121514,Borraccia stanley,75.0,1754403275,2026-07-31 13:35:35,2026-07-31 15:17:23,disappeared,2026-07-31 15:45:26,8641.5,2.2,Stanley,Rose,,0,2026-07-31 14:14:36
9536588793,Stanley Cup 1.18L | 40 oz baby pink,45.0,1785492873,2026-07-31 13:35:35,2026-07-31 15:45:26,active,,,,Stanley,Rose,40oz pink,0,2026-07-31 14:14:35
9454899434,Stanley nueva + regalo,40.0,1784902478,2026-07-31 13:35:35,2026-07-31 15:45:26,active,,,,Stanley,Rose,,0,2026-07-31 14:14:39
9436604907,Pink Stanley,30.0,1784902480,2026-07-31 13:35:35,2026-07-31 13:35:35,disappeared,2026-07-31 14:47:16,168.5,1.2,Stanley,Rose,,0,2026-07-31 14:14:41
9424257794,Vaso termico stanley,28.0,1784902482,2026-07-31 13:35:35,2026-07-31 13:35:35,disappeared,2026-07-31 14:47:16,168.5,1.2,Stanley,Fuchsia,,4,2026-07-31 14:14:42
9364572690,Garrafa Stanley como nova,24.0,1783692882,2026-07-31 13:35:35,2026-07-31 15:45:26,active,,,,Stanley,Rose,,0,2026-07-31 14:14:43
8715778006,Stanley rosa 887 ml,25.0,1777731284,2026-07-31 13:35:35,2026-07-31 13:35:35,disappeared,2026-07-31 14:47:16,2160.5,1.2,Stanley,Rose,30oz pink,0,2026-07-31 14:14:45
8486860944,Stanley cup,30.0,1775139286,2026-07-31 13:35:35,2026-07-31 15:45:26,active,,,,Stanley,Rose,,0,2026-07-31 14:14:47
8276120182,Garrafa Stanley,25.0,1772547289,2026-07-31 13:35:35,2026-07-31 13:35:35,disappeared,2026-07-31 14:47:16,3600.5,1.2,Stanley,Lila,,0,2026-07-31 14:14:50
8167529208,Cantimplora de Stanley,50.0,1772547291,2026-07-31 13:35:35,2026-07-31 14:47:16,disappeared,2026-07-31 15:17:23,3601.0,1.7,Stanley,Rose,,0,2026-07-31 14:14:52
7061910828,Stanley Cup,35.0,1759587291,2026-07-31 13:35:35,2026-07-31 15:45:26,active,,,,Stanley,Rose,,0,2026-07-31 14:14:51
5858528106,Knalroze Stanley cup Love,35.0,,2026-07-31 13:35:35,2026-07-31 15:45:26,active,,,,Stanley,,,0,2026-07-31 14:15:59
9537474680,stanley cup,45.0,1785500160,2026-07-31 13:35:35,2026-07-31 15:45:26,active,,,,Stanley,Fuchsia,,0,2026-07-31 14:16:02
9528708685,Stanley Tumbler in Rose,30.0,1785420963,2026-07-31 13:35:35,2026-07-31 14:47:16,disappeared,2026-07-31 15:17:23,25.0,1.7,Stanley,Rose,,0,2026-07-31 14:16:04
9414293345,Termo Stanley,69.0,1784297760,2026-07-31 13:35:35,2026-07-31 14:47:16,disappeared,2026-07-31 15:17:23,337.0,1.7,Stanley,Rose,,0,2026-07-31 14:16:01
9297796555,stanley cup,60.0,1783088163,2026-07-31 13:35:35,2026-07-31 13:35:35,disappeared,2026-07-31 14:47:16,672.5,1.2,Stanley,Lila,,0,2026-07-31 14:16:05
9193268736,Gourde Stanley,30.0,1781878566,2026-07-31 13:35:35,2026-07-31 13:35:35,disappeared,2026-07-31 14:47:16,1008.5,1.2,Stanley,Rose,,0,2026-07-31 14:16:07
8689579353,Stanley Cup édition limitée – Tumbler avec poignée et paille – Rose/Violet,40.0,1777731368,2026-07-31 13:35:35,2026-07-31 15:45:26,active,,,,Stanley,Rose,,0,2026-07-31 14:16:09
9354143110,Stanley Cup 1.18l Lila,35.0,1783692968,2026-07-31 13:35:35,2026-07-31 13:35:35,disappeared,2026-07-31 14:47:16,504.5,1.2,Stanley,Lila,40oz purple,0,2026-07-31 14:16:10
9108973061,Purple Stanley Water Bottle,30.0,1781273770,2026-07-31 13:35:35,2026-07-31 13:35:35,disappeared,2026-07-31 14:47:16,1176.5,1.2,Stanley,Lila,,0,2026-07-31 14:16:11
9538800211,"Stanley Quencher 1,18L Rose Quartz",20.0,1785508077,2026-07-31 14:47:16,2026-07-31 15:45:26,active,,,,Stanley,Rose,40oz pink,3,2026-07-31 14:59:46
9538670346,"Stanley Quencher H2.0 Tumbler 1,18l",39.0,1785506455,2026-07-31 14:47:16,2026-07-31 15:45:26,active,,,,Stanley,Rose,40oz pink,0,2026-07-31 15:00:56
9317962856,Stanley Quencher 1.2L Termo Acero Inox,34.0,1783695657,2026-07-31 14:47:16,2026-07-31 15:17:23,disappeared,2026-07-31 15:45:26,504.7,1.0,Stanley,Abricot,40oz abricot,0,2026-07-31 15:00:58
9525876976,Stanley Quencher 1.2L,23.0,1785423660,2026-07-31 14:47:16,2026-07-31 14:47:16,disappeared,2026-07-31 15:17:23,24.3,0.5,Stanley,Violet,40oz purple,0,2026-07-31 15:01:01
9524219725,Gobelet Stanley Quencher 1.18L motif floral,50.0,1785423657,2026-07-31 14:47:16,2026-07-31 14:47:16,disappeared,2026-07-31 15:17:23,24.3,0.5,Stanley,Rouge,40oz red,0,2026-07-31 15:00:59
7896413303,Stanley flowstate with straw,30.0,1769958060,2026-07-31 14:47:16,2026-07-31 14:47:16,disappeared,2026-07-31 15:17:23,4320.3,0.5,Stanley,Beige,,0,2026-07-31 15:01:01
6843432649,Quencher Stanley Tumbler,35.0,1756998067,2026-07-31 14:47:16,2026-07-31 15:17:23,disappeared,2026-07-31 15:45:26,7920.7,1.0,Stanley,,,0,2026-07-31 15:01:08
9538507001,Stanley cup rose complètement neuve,40.0,1785506467,2026-07-31 14:47:16,2026-07-31 15:45:26,active,,,,Stanley,Rose,,0,2026-07-31 15:01:08
9536979849,Gourde stanley,32.0,1785495669,2026-07-31 14:47:16,2026-07-31 15:45:26,active,,,,Stanley,Fuchsia,,0,2026-07-31 15:01:10
9531865610,Gourde Stanley,35.0,1785430871,2026-07-31 14:47:16,2026-07-31 14:47:16,disappeared,2026-07-31 15:17:23,22.3,0.5,Stanley,Rose,,7,2026-07-31 15:01:12
9531857389,Stanley,40.0,1785430873,2026-07-31 14:47:16,2026-07-31 15:17:23,disappeared,2026-07-31 15:45:26,22.7,1.0,Stanley,Fuchsia,,0,2026-07-31 15:01:14
9505784974,Stanley Beker pastelroze,35.0,1785164477,2026-07-31 14:47:16,2026-07-31 15:17:23,disappeared,2026-07-31 15:45:26,96.7,1.0,Stanley,Rose,,0,2026-07-31 15:01:18
9488403058,Stanley Cup Starbucks Edition,45.0,1785078078,2026-07-31 14:47:16,2026-07-31 15:45:26,active,,,,Stanley,Fuchsia,,0,2026-07-31 15:01:19
9494448964,Dusky pink Stanley cup,25.0,1785078080,2026-07-31 14:47:16,2026-07-31 15:17:23,disappeared,2026-07-31 15:45:26,120.7,1.0,Stanley,Rose,,0,2026-07-31 15:01:22
9422679247,Stanley tumbler,30.0,1784905280,2026-07-31 14:47:16,2026-07-31 15:45:26,active,,,,Stanley,Rose,,0,2026-07-31 15:01:21
9386602771,Stanley,23.0,1784300552,2026-07-31 14:47:16,2026-07-31 15:45:26,active,,,,Stanley,Fuchsia,,0,2026-07-31 15:02:33
9372997869,Stanley cor de rosa,40.0,1784300553,2026-07-31 14:47:16,2026-07-31 14:47:16,disappeared,2026-07-31 15:17:23,336.2,0.5,Stanley,Rose,,0,2026-07-31 15:02:35
9326832507,Stanley,35.0,1783695754,2026-07-31 14:47:16,2026-07-31 15:45:26,active,,,,Stanley,Rose,,0,2026-07-31 15:02:35
9297737622,stanley cup,60.0,1783090952,2026-07-31 14:47:16,2026-07-31 15:45:26,active,,,,Stanley,Fuchsia,,0,2026-07-31 15:02:33
7950284603,Roze stanley cup,40.0,1769958155,2026-07-31 14:47:16,2026-07-31 15:45:26,active,,,,Stanley,Fuchsia,,0,2026-07-31 15:02:37
9488486722,Stanley Clutch Bottle 473ml,45.0,1785078162,2026-07-31 14:47:16,2026-07-31 15:45:26,active,,,,Stanley,Rose,16oz pink,0,2026-07-31 15:02:43
9485406123,Stanley Cup,25.0,1784991762,2026-07-31 14:47:16,2026-07-31 14:47:16,disappeared,2026-07-31 15:17:23,144.2,0.5,Stanley,Rose,,0,2026-07-31 15:02:44
9363681368,Stanley Cup,45.0,1783695765,2026-07-31 14:47:16,2026-07-31 15:45:26,active,,,,Stanley,Fuchsia,,0,2026-07-31 15:02:47
8945746458,Stanley Cup Pink,30.0,1780326166,2026-07-31 14:47:16,2026-07-31 15:17:23,disappeared,2026-07-31 15:45:26,1440.7,1.0,Stanley,Fuchsia,,0,2026-07-31 15:02:47
8879164632,Stanley Cup,43.0,1780326165,2026-07-31 14:47:16,2026-07-31 15:17:23,disappeared,2026-07-31 15:45:26,1440.7,1.0,Stanley,Rose,,0,2026-07-31 15:02:46
7808901528,Stanley Cup rosa thermo,34.0,1767366173,2026-07-31 14:47:16,2026-07-31 15:45:26,active,,,,Stanley,Rose,,0,2026-07-31 15:02:55
7809158842,Stanley,44.0,1767366174,2026-07-31 14:47:16,2026-07-31 15:45:26,active,,,,Stanley,,,0,2026-07-31 15:02:55
5355163569,Stanley Wicked,170.0,1785508376,2026-07-31 14:47:16,2026-07-31 14:47:16,disappeared,2026-07-31 15:17:23,0.7,0.5,Stanley,Fuchsia,,0,2026-07-31 15:02:57
9441267884,Gourde Stanley rose cassé voir image tumbler,14.0,1784905445,2026-07-31 14:47:16,2026-07-31 15:45:26,active,,,,Stanley,Rose,,0,2026-07-31 15:04:06
9218930106,Stanley cup,34.95,1782486250,2026-07-31 14:47:16,2026-07-31 15:45:26,active,,,,Stanley,Rose,,0,2026-07-31 15:04:11
8416152444,Stanley thermobeker,30.0,1775142247,2026-07-31 14:47:16,2026-07-31 15:45:26,active,,,,Stanley,Rose,,0,2026-07-31 15:04:08
6425606961,Gourde stanley,35.5,,2026-07-31 14:47:16,2026-07-31 15:45:26,active,,,,Stanley,Rose,,0,2026-07-31 15:48:16
5899053696,Stanley,42.0,,2026-07-31 14:47:16,2026-07-31 15:17:23,disappeared,2026-07-31 15:45:26,,1.0,Stanley,,,0,2026-07-31 15:04:08
9489714084,Stanley,55.0,1785078257,2026-07-31 14:47:16,2026-07-31 15:45:26,active,,,,Stanley,Fuchsia,,0,2026-07-31 15:04:18
9435825702,Stanley Cup 40oz,45.0,1784905460,2026-07-31 14:47:16,2026-07-31 14:47:16,disappeared,2026-07-31 15:17:23,168.2,0.5,Stanley,Corail,40oz coral,0,2026-07-31 15:04:21
9293753372,Exclusive Starbucks x Stanley Sakura 2026 Japan Edition,110.0,1783091061,2026-07-31 14:47:16,2026-07-31 14:47:16,disappeared,2026-07-31 15:17:23,672.2,0.5,Stanley,Rose,,0,2026-07-31 15:04:23
9075604045,"Stanley Cup Rosa 1,2 L",30.0,1780671862,2026-07-31 14:47:16,2026-07-31 14:47:16,disappeared,2026-07-31 15:17:23,1344.2,0.5,Stanley,Rose,40oz pink,0,2026-07-31 15:04:22
8529904058,Stanley Thermobecher,30.0,1775142262,2026-07-31 14:47:16,2026-07-31 14:47:16,disappeared,2026-07-31 15:17:23,2880.2,0.5,Stanley,Rose,,0,2026-07-31 15:04:24
8377116762,Stanley Cup,32.0,1775142269,2026-07-31 14:47:16,2026-07-31 15:45:26,active,,,,Stanley,Fuchsia,,0,2026-07-31 15:04:30
8055691700,Pink Stanley,50.0,1769958271,2026-07-31 14:47:16,2026-07-31 15:45:26,active,,,,Stanley,Rose,,0,2026-07-31 15:04:32
9535814456,stanley cup,44.99,1785488672,2026-07-31 14:47:16,2026-07-31 15:45:26,active,,,,Stanley,Fuchsia,,0,2026-07-31 15:04:33
9529533451,"Stanley Becher 1,18 l",35.0,1785423872,2026-07-31 14:47:16,2026-07-31 15:45:26,active,,,,Stanley,Rose,40oz pink,0,2026-07-31 15:04:34
9531771526,Stanley cup,54.99,1785423875,2026-07-31 14:47:16,2026-07-31 14:47:16,disappeared,2026-07-31 15:17:23,24.2,0.5,Stanley,Rose,,0,2026-07-31 15:04:37
9392854990,Stanley mit verschiedenen Aufsätzen,34.99,1784300680,2026-07-31 14:47:16,2026-07-31 14:47:16,disappeared,2026-07-31 15:17:23,336.2,0.5,Stanley,Rose,,0,2026-07-31 15:04:41
8861653036,Stanley cup,35.0,1780326282,2026-07-31 14:47:16,2026-07-31 15:45:26,active,,,,Stanley,Fuchsia,,0,2026-07-31 15:04:43
8968288624,Orginal Stanley Punch Shimmer Winter,80.0,1780326352,2026-07-31 14:47:16,2026-07-31 15:45:26,active,,,,Stanley,Fuchsia,,0,2026-07-31 15:05:53
8107640212,Rosa Stanley Cup,25.0,1772550349,2026-07-31 14:47:16,2026-07-31 15:45:26,active,,,,Stanley,Rose,,0,2026-07-31 15:05:50
8901864649,Mini Stanley Cup Anhänger und Lipstick/Lipglosshalter,3.0,1780326356,2026-07-31 14:47:16,2026-07-31 15:45:26,active,,,,COQUETTE,Fuchsia,,0,2026-07-31 15:05:57
7598750418,Stanley,40.0,1764774354,2026-07-31 14:47:16,2026-07-31 15:45:26,active,,,,Stanley,Rose,,0,2026-07-31 15:05:55
7504925007,"Stanley Cup 1,18L",30.0,1764774352,2026-07-31 14:47:16,2026-07-31 15:45:26,active,,,,Stanley,Rose,40oz pink,0,2026-07-31 15:05:53
6889203099,stanley cup pink,35.0,1756998361,2026-07-31 14:47:16,2026-07-31 15:45:26,active,,,,Stanley,Rose,,0,2026-07-31 15:06:02
9535988328,Stanley cup,49.99,1785488762,2026-07-31 14:47:16,2026-07-31 15:17:23,disappeared,2026-07-31 15:45:26,6.7,1.0,Stanley,Rose,,0,2026-07-31 15:06:04
9528939335,Gourde,30.0,1785423963,2026-07-31 14:47:16,2026-07-31 15:45:26,active,,,,Stanley,Rose,,0,2026-07-31 15:06:04
9520139215,Stanley rose,35.0,1785337566,2026-07-31 14:47:16,2026-07-31 15:17:23,disappeared,2026-07-31 15:45:26,48.7,1.0,Stanley,Rose,,0,2026-07-31 15:06:07
9462012181,Stanley,20.0,1784905568,2026-07-31 14:47:16,2026-07-31 15:17:23,disappeared,2026-07-31 15:45:26,168.7,1.0,Stanley,Lila,,0,2026-07-31 15:06:10
8093259378,Stanley beker,49.99,1772550373,2026-07-31 14:47:16,2026-07-31 15:45:26,active,,,,Stanley,Rose,,0,2026-07-31 15:06:14
7894965808,Stanley cup,30.0,1769958375,2026-07-31 14:47:16,2026-07-31 15:45:26,active,,,,Stanley,Rose,,0,2026-07-31 15:06:16
7661688132,Stanley,30.0,1764774374,2026-07-31 14:47:16,2026-07-31 15:17:23,disappeared,2026-07-31 15:45:26,5760.7,1.0,Stanley,,,0,2026-07-31 15:06:15
7589339492,Termo Stanley messi,100.0,1764774375,2026-07-31 14:47:16,2026-07-31 15:17:23,disappeared,2026-07-31 15:45:26,5760.7,1.0,Stanley,Rose,,0,2026-07-31 15:06:16
7185718401,botella stanley rosa,28.0,1759590446,2026-07-31 14:47:16,2026-07-31 15:17:23,disappeared,2026-07-31 15:45:26,7200.6,1.0,Stanley,Rose,,0,2026-07-31 15:07:28
9533338421,Stanley Cup,49.99,1785474448,2026-07-31 14:47:16,2026-07-31 14:47:16,disappeared,2026-07-31 15:17:23,10.2,0.5,Stanley,Fuchsia,,0,2026-07-31 15:07:30
9346563900,Grande Gourde Stanley,30.0,1783696052,2026-07-31 14:47:16,2026-07-31 14:47:16,disappeared,2026-07-31 15:17:23,504.2,0.5,Stanley,Rose,,0,2026-07-31 15:07:33
9326198746,"Termo stanley rosa 1,2L",35.0,1783696046,2026-07-31 14:47:16,2026-07-31 15:45:26,active,,,,Stanley,Rose,40oz pink,0,2026-07-31 15:07:27
8709862104,Gourde Stanley,28.0,1777734449,2026-07-31 14:47:16,2026-07-31 15:45:26,active,,,,Stanley,Rose,,0,2026-07-31 15:07:30
6361089941,Taza de agua Stanley L🌺V,36.0,,2026-07-31 14:47:16,2026-07-31 14:47:16,disappeared,2026-07-31 15:17:23,,0.5,Stanley,Fuchsia,,0,2026-07-31 15:07:37
9536195759,Thermosflasche,40.0,1785492457,2026-07-31 14:47:16,2026-07-31 14:47:16,disappeared,2026-07-31 15:17:23,5.2,0.5,Stanley,Fuchsia,,0,2026-07-31 15:07:38
9529258748,Stanley in Piink,30.0,1785424059,2026-07-31 14:47:16,2026-07-31 14:47:16,disappeared,2026-07-31 15:17:23,24.2,0.5,Stanley,Rose,,0,2026-07-31 15:07:40
8597642363,Stanley Cup in rosa,23.0,1777734459,2026-07-31 14:47:16,2026-07-31 15:17:23,disappeared,2026-07-31 15:45:26,2160.6,1.0,Stanley,Rose,,0,2026-07-31 15:07:40
9535458316,Gourde isotherme Stanley,47.0,1785485264,2026-07-31 14:47:16,2026-07-31 14:47:16,disappeared,2026-07-31 15:17:23,7.2,0.5,Stanley,Lila,,0,2026-07-31 15:07:46
9533271834,Stanley x SpringBlossom,45.0,1785438467,2026-07-31 14:47:16,2026-07-31 14:47:16,disappeared,2026-07-31 15:17:23,20.2,0.5,Stanley,Menthe,,5,2026-07-31 15:07:48
9525081908,Stanley cup,20.0,1785424066,2026-07-31 14:47:16,2026-07-31 14:47:16,disappeared,2026-07-31 15:17:23,24.2,0.5,Stanley,Bordeaux,,0,2026-07-31 15:07:47
9527342480,Gourde isotherme stanley,47.0,1785424068,2026-07-31 14:47:16,2026-07-31 14:47:16,disappeared,2026-07-31 15:17:23,24.2,0.5,Stanley,Rose,,3,2026-07-31 15:07:49
9462875104,Baby pink Stanley,30.0,1784905670,2026-07-31 14:47:16,2026-07-31 14:47:16,disappeared,2026-07-31 15:17:23,168.2,0.5,Stanley,Rose,,0,2026-07-31 15:07:51
9431432127,Gourde de vélo portable grande capacité et étanche,75.0,1784905741,2026-07-31 14:47:16,2026-07-31 15:45:26,active,,,,Stanley,Rose,,0,2026-07-31 15:09:03
9415087420,Stanley cup été,45.0,1784300944,2026-07-31 14:47:16,2026-07-31 15:17:23,disappeared,2026-07-31 15:45:26,336.6,1.0,Stanley,Rose,,0,2026-07-31 15:09:05
9327546096,Gourde stanley,23.0,1783696144,2026-07-31 14:47:16,2026-07-31 15:17:23,disappeared,2026-07-31 15:45:26,504.6,1.0,Stanley,Rose,,0,2026-07-31 15:09:05
9297785322,stanley cup,60.0,1783091345,2026-07-31 14:47:16,2026-07-31 14:47:16,disappeared,2026-07-31 15:17:23,672.1,0.5,Stanley,Orange,,0,2026-07-31 15:09:05
9239484465,Gourde,30.0,1782486543,2026-07-31 14:47:16,2026-07-31 14:47:16,disappeared,2026-07-31 15:17:23,840.1,0.5,Stanley,Violet,,3,2026-07-31 15:09:04
8960748939,Stanley cross body carry strap,26.0,1780326552,2026-07-31 14:47:16,2026-07-31 14:47:16,disappeared,2026-07-31 15:17:23,1440.1,0.5,Stanley,Rose,,0,2026-07-31 15:09:13
8845821358,Gourde Stanley,30.0,1780326554,2026-07-31 14:47:16,2026-07-31 14:47:16,disappeared,2026-07-31 15:17:23,1440.1,0.5,Stanley,Violet,,0,2026-07-31 15:09:15
8773468732,Stanley Tumbler Valentine 2026 - C’est un Thermos !,118.0,1777734555,2026-07-31 14:47:16,2026-07-31 14:47:16,disappeared,2026-07-31 15:17:23,2160.1,0.5,Stanley,Fuchsia,,0,2026-07-31 15:09:17
8704370426,Stanley 1913 h.02,38.0,1777734556,2026-07-31 14:47:16,2026-07-31 14:47:16,disappeared,2026-07-31 15:17:23,2160.1,0.5,Stanley,Crème,,0,2026-07-31 15:09:17
8947134303,Grand verre isotherme rose fuchsia,7.0,1780326556,2026-07-31 14:47:16,2026-07-31 14:47:16,disappeared,2026-07-31 15:17:23,1440.1,0.5,Rose,Fuchsia,,0,2026-07-31 15:09:17
8284811310,Cup stanley Tumbler,100.0,1772550561,2026-07-31 14:47:16,2026-07-31 14:47:16,disappeared,2026-07-31 15:17:23,3600.1,0.5,Stanley,Marron,,0,2026-07-31 15:09:22
7712689401,Gourde Stanley,30.0,1767366563,2026-07-31 14:47:16,2026-07-31 14:47:16,disappeared,2026-07-31 15:17:23,5040.1,0.5,Stanley,Gris,,0,2026-07-31 15:09:24
7159851875,Gourde - Stanley rose,32.0,1759590635,2026-07-31 14:47:16,2026-07-31 14:47:16,disappeared,2026-07-31 15:17:23,7200.1,0.5,Stanley,Rose,,0,2026-07-31 15:10:36
8440329649,Gourde Stanley rose avec poignée et paille (887ml / 30oz),45.0,1775142633,2026-07-31 14:47:16,2026-07-31 15:45:26,active,,,,Stanley,Fuchsia,30oz pink,0,2026-07-31 15:10:34
8688512121,Stanley Cup Tumbler Beige XXL Thermobecher mit Henkel & Strohhalm | Trend TikTok,33.0,1777734566,2026-07-31 14:47:16,2026-07-31 14:47:16,disappeared,2026-07-31 15:17:23,2160.1,0.5,Stanley,Rose,,0,2026-07-31 15:09:27
6839841684,Stanley Aerolight Iceflow Fast Flow Gym Water Bottle 0.6L - Cold For 10 Hours,40.0,1756998638,2026-07-31 14:47:16,2026-07-31 14:47:16,disappeared,2026-07-31 15:17:23,7920.1,0.5,Stanley,Blanc,20oz white,0,2026-07-31 15:10:39
9499839570,"Stanley Flip Straw Tumbler, Stanley Cup",43.0,1785165034,2026-07-31 14:47:16,2026-07-31 15:45:26,active,,,,Stanley,Fuchsia,,4,2026-07-31 15:10:35
4455482943,Stanley water glass orchid purple,50.0,,2026-07-31 14:47:16,2026-07-31 14:47:16,disappeared,2026-07-31 15:17:23,,0.5,Stanley,Lila,,0,2026-07-31 15:10:38
9539043219,Stanley Quencher H2.0 1.18L (40oz),27.0,1785509657,2026-07-31 15:17:23,2026-07-31 15:45:26,active,,,,Stanley,Rose,40oz pink,0,2026-07-31 15:23:06
9455297775,Gourde Stanley Quencher,32.9,1784906592,2026-07-31 15:17:23,2026-07-31 15:17:23,disappeared,2026-07-31 15:45:26,168.4,0.5,Stanley,Multicolore,,0,2026-07-31 15:23:12
8299772493,Stanley Quencher H2.0 FlowState,40.0,1775143391,2026-07-31 15:17:23,2026-07-31 15:17:23,disappeared,2026-07-31 15:45:26,2880.4,0.5,Stanley,Lila,,0,2026-07-31 15:23:12
9261101522,Zalm roze Stanley beker,37.99,1783092189,2026-07-31 15:17:23,2026-07-31 15:17:23,disappeared,2026-07-31 15:45:26,672.4,0.5,Stanley,,,0,2026-07-31 15:23:11
8251462223,Stanley pink Gold neu Limited,40.0,1772551393,2026-07-31 15:17:23,2026-07-31 15:17:23,disappeared,2026-07-31 15:45:26,3600.4,0.5,Stanley,Fuchsia,,0,2026-07-31 15:23:14
6890592218,Drinkfles Stanly,30.0,1756999395,2026-07-31 15:17:23,2026-07-31 15:17:23,disappeared,2026-07-31 15:45:26,7920.4,0.5,Stanley,Rose,,0,2026-07-31 15:23:16
9323818351,Stanley The Everyday Suburban Mug – 473 ml,35.0,1783697000,2026-07-31 15:17:23,2026-07-31 15:45:26,active,,,,Stanley,Rose,16oz pink,0,2026-07-31 15:23:20
8899971907,Original Stanley Becher Kaffee to Go Becher,65.0,1780327401,2026-07-31 15:17:23,2026-07-31 15:45:26,active,,,,Stanley,Fuchsia,,0,2026-07-31 15:23:22
8334805303,Pink Stanley Cup,45.0,,2026-07-31 15:17:23,2026-07-31 15:17:23,disappeared,2026-07-31 15:45:26,,0.5,Stanley,Rose,,0,2026-07-31 15:24:41
7847113250,Stanley Cup Tumbrl Pilates Viral Trend Rosa Vanila Clean Stockholm Style Strohha,30.0,1769959485,2026-07-31 15:17:23,2026-07-31 15:17:23,disappeared,2026-07-31 15:45:26,4320.3,0.5,Stanley,Rose,,0,2026-07-31 15:24:46
9537720992,Stanley water bottle,23.0,1785504285,2026-07-31 15:17:23,2026-07-31 15:17:23,disappeared,2026-07-31 15:45:26,2.3,0.5,Stanley,Violet,,,
9532790335,Pink cup,30.9,,2026-07-31 15:17:23,2026-07-31 15:45:26,active,,,,Stanley,Rose,,4,2026-07-31 15:48:16
9499884725,Stanley,15.0,1785165885,2026-07-31 15:17:23,2026-07-31 15:17:23,disappeared,2026-07-31 15:45:26,96.3,0.5,Stanley,Crème,,,
9484485225,Gourde Stanley,55.0,1784993091,2026-07-31 15:17:23,2026-07-31 15:17:23,disappeared,2026-07-31 15:45:26,144.3,0.5,Stanley,Lila,,0,2026-07-31 15:24:52
9348011460,Stanley 193,43.0,1783697102,2026-07-31 15:17:23,2026-07-31 15:17:23,disappeared,2026-07-31 15:45:26,504.3,0.5,Stanley,Rose,,0,2026-07-31 15:25:04
9338106275,Gourde isotherme Stanley,35.0,1783697092,2026-07-31 15:17:23,2026-07-31 15:17:23,disappeared,2026-07-31 15:45:26,504.3,0.5,Stanley,Abricot,,0,2026-07-31 15:24:54
9320834948,Pink Stanley drinking bottle,26.0,1783697096,2026-07-31 15:17:23,2026-07-31 15:17:23,disappeared,2026-07-31 15:45:26,504.3,0.5,Stanley,Fuchsia,,0,2026-07-31 15:24:57
9297734151,Gourde isotherme Stanley,25.0,1783092296,2026-07-31 15:17:23,2026-07-31 15:17:23,disappeared,2026-07-31 15:45:26,672.3,0.5,Stanley,Fuchsia,,0,2026-07-31 15:24:57
8842631730,Stanley gourde,40.0,1780327515,2026-07-31 15:17:23,2026-07-31 15:17:23,disappeared,2026-07-31 15:45:26,1440.3,0.5,Stanley,Lila,,0,2026-07-31 15:25:16
8790778991,Gourde violette,56.0,1777735504,2026-07-31 15:17:23,2026-07-31 15:17:23,disappeared,2026-07-31 15:45:26,2160.3,0.5,Stanley,Violet,,0,2026-07-31 15:25:05
8718682489,Gourde toute neuf,18.99,1777735506,2026-07-31 15:17:23,2026-07-31 15:17:23,disappeared,2026-07-31 15:45:26,2160.3,0.5,Rose,Rose,,0,2026-07-31 15:25:07
4072092535,Stanley ,55.0,,2026-07-31 15:17:23,2026-07-31 15:45:26,active,,,,Stanley,Rose,,0,2026-07-31 15:25:08
6048348938,Stanley,60.0,,2026-07-31 15:17:23,2026-07-31 15:17:23,disappeared,2026-07-31 15:45:26,,0.5,Stanley,,,0,2026-07-31 15:26:19
9414542146,Stanley IceFlow Cup,38.0,1784301982,2026-07-31 15:17:23,2026-07-31 15:45:26,active,,,,Stanley,Rose,,0,2026-07-31 15:26:23
9536971261,Mug rose pailleté,7.0,1785497181,2026-07-31 15:17:23,2026-07-31 15:17:23,disappeared,2026-07-31 15:45:26,4.3,0.5,Stanley,Fuchsia,,0,2026-07-31 15:26:23
9532043939,🌸 Grand mug isotherme 1200 ml avec poignée et paille – Motif nœuds roses 🌸,15.95,1785432380,2026-07-31 15:17:23,2026-07-31 15:17:23,disappeared,2026-07-31 15:45:26,22.3,0.5,,Fuchsia,40oz pink,0,2026-07-31 15:26:22
9500723912,"Tasse isotherme (Red Bull Pink), mug à café, gobelet isotherme jaune pastel d'ét",59.0,1785165986,2026-07-31 15:17:23,2026-07-31 15:17:23,disappeared,2026-07-31 15:45:26,96.3,0.5,Stanley,Rose,,0,2026-07-31 15:26:27
9456031503,Stanley Cup 1.18l Violet,35.0,1784906788,2026-07-31 15:17:23,2026-07-31 15:17:23,disappeared,2026-07-31 15:45:26,168.3,0.5,Stanley,Violet,40oz purple,0,2026-07-31 15:26:29
9114004950,Stanley x LoveShackFancy Toscana Toile/Alpine Blue,125.0,1781277992,2026-07-31 15:17:23,2026-07-31 15:17:23,disappeared,2026-07-31 15:45:26,1176.3,0.5,Stanley,Bleu clair,,0,2026-07-31 15:26:32
9539367026,Gourde Stanley Quencher neuve,27.0,1785511718,2026-07-31 15:45:26,2026-07-31 15:45:26,active,,,,Stanley,Rose,,0,2026-07-31 15:48:28
8850727485,Gourde Stanley Quencher 1.2L,40.0,1780328910,2026-07-31 15:45:26,2026-07-31 15:45:26,active,,,,Stanley,Crème,40oz cream,,
9481599096,Stanley transit bottle,39.0,1784994509,2026-07-31 15:45:26,2026-07-31 15:45:26,active,,,,Stanley,Rose,,0,2026-07-31 15:48:31
9426753273,Stanley beker,15.0,1784908112,2026-07-31 15:45:26,2026-07-31 15:45:26,active,,,,Stanley,Fuchsia,,0,2026-07-31 15:48:32
9346533615,Grande gourde Stanley 1.18l,30.0,1783698575,2026-07-31 15:45:26,2026-07-31 15:45:26,active,,,,Stanley,Rose,40oz pink,0,2026-07-31 15:49:36
9218921577,Thermo Stanley,35.0,1782488985,2026-07-31 15:45:26,2026-07-31 15:45:26,active,,,,Stanley,Rose,,0,2026-07-31 15:49:46
8065286962,Wasserflasche,30.0,1772552985,2026-07-31 15:45:26,2026-07-31 15:45:26,active,,,,Stanley,Rose,,0,2026-07-31 15:49:46
7195251075,Stanley Tumbler rose| 1.18L,40.0,1759592985,2026-07-31 15:45:26,2026-07-31 15:45:26,active,,,,Stanley,Lila,40oz purple,0,2026-07-31 15:49:46
9455146327,Stanley 590ml,25.0,,2026-07-31 15:45:26,2026-07-31 15:45:26,active,,,,Stanley,Corail,20oz coral,0,2026-07-31 15:49:41
9424046220,"Cup Stanley 1,18 litres coloris rose quartz",30.0,1784908188,2026-07-31 15:45:26,2026-07-31 15:45:26,active,,,,Stanley,Rose,,10,2026-07-31 15:49:49
8921241280,Gourde Stanley,38.0,1780328991,2026-07-31 15:45:26,2026-07-31 15:45:26,active,,,,Stanley,Lila,,0,2026-07-31 15:49:52
7465795031,Gourde / Model Stanley fleuri,22.0,1764776994,2026-07-31 15:45:26,2026-07-31 15:45:26,active,,,,Stanley,Crème,,0,2026-07-31 15:49:54
5588576326,Gourde Stanley,45.0,,2026-07-31 15:45:26,2026-07-31 15:45:26,active,,,,Stanley,,,0,2026-07-31 15:49:57
